date,year,quarter,month,month_name,week,weekday,weekday_name,day_of_year,year_month,full_date
2015-01-01,2015,1,1,January,0,5,Thursday,1,2015-01,2015-01-01
2015-01-02,2015,1,1,January,0,6,Friday,2,2015-01,2015-01-02
2015-01-03,2015,1,1,January,0,7,Saturday,3,2015-01,2015-01-03
2015-01-04,2015,1,1,January,1,1,Sunday,4,2015-01,2015-01-04
2015-01-05,2015,1,1,January,1,2,Monday,5,2015-01,2015-01-05
2015-01-06,2015,1,1,January,1,3,Tuesday,6,2015-01,2015-01-06
2015-01-07,2015,1,1,January,1,4,Wednesday,7,2015-01,2015-01-07
2015-01-08,2015,1,1,January,1,5,Thursday,8,2015-01,2015-01-08
2015-01-09,2015,1,1,January,1,6,Friday,9,2015-01,2015-01-09
2015-01-10,2015,1,1,January,1,7,Saturday,10,2015-01,2015-01-10
2015-01-11,2015,1,1,January,2,1,Sunday,11,2015-01,2015-01-11
2015-01-12,2015,1,1,January,2,2,Monday,12,2015-01,2015-01-12
2015-01-13,2015,1,1,January,2,3,Tuesday,13,2015-01,2015-01-13
2015-01-14,2015,1,1,January,2,4,Wednesday,14,2015-01,2015-01-14
2015-01-15,2015,1,1,January,2,5,Thursday,15,2015-01,2015-01-15
2015-01-16,2015,1,1,January,2,6,Friday,16,2015-01,2015-01-16
2015-01-17,2015,1,1,January,2,7,Saturday,17,2015-01,2015-01-17
2015-01-18,2015,1,1,January,3,1,Sunday,18,2015-01,2015-01-18
2015-01-19,2015,1,1,January,3,2,Monday,19,2015-01,2015-01-19
2015-01-20,2015,1,1,January,3,3,Tuesday,20,2015-01,2015-01-20
2015-01-21,2015,1,1,January,3,4,Wednesday,21,2015-01,2015-01-21
2015-01-22,2015,1,1,January,3,5,Thursday,22,2015-01,2015-01-22
2015-01-23,2015,1,1,January,3,6,Friday,23,2015-01,2015-01-23
2015-01-24,2015,1,1,January,3,7,Saturday,24,2015-01,2015-01-24
2015-01-25,2015,1,1,January,4,1,Sunday,25,2015-01,2015-01-25
2015-01-26,2015,1,1,January,4,2,Monday,26,2015-01,2015-01-26
2015-01-27,2015,1,1,January,4,3,Tuesday,27,2015-01,2015-01-27
2015-01-28,2015,1,1,January,4,4,Wednesday,28,2015-01,2015-01-28
2015-01-29,2015,1,1,January,4,5,Thursday,29,2015-01,2015-01-29
2015-01-30,2015,1,1,January,4,6,Friday,30,2015-01,2015-01-30
2015-01-31,2015,1,1,January,4,7,Saturday,31,2015-01,2015-01-31
2015-02-01,2015,1,2,February,5,1,Sunday,32,2015-02,2015-02-01
2015-02-02,2015,1,2,February,5,2,Monday,33,2015-02,2015-02-02
2015-02-03,2015,1,2,February,5,3,Tuesday,34,2015-02,2015-02-03
2015-02-04,2015,1,2,February,5,4,Wednesday,35,2015-02,2015-02-04
2015-02-05,2015,1,2,February,5,5,Thursday,36,2015-02,2015-02-05
2015-02-06,2015,1,2,February,5,6,Friday,37,2015-02,2015-02-06
2015-02-07,2015,1,2,February,5,7,Saturday,38,2015-02,2015-02-07
2015-02-08,2015,1,2,February,6,1,Sunday,39,2015-02,2015-02-08
2015-02-09,2015,1,2,February,6,2,Monday,40,2015-02,2015-02-09
2015-02-10,2015,1,2,February,6,3,Tuesday,41,2015-02,2015-02-10
2015-02-11,2015,1,2,February,6,4,Wednesday,42,2015-02,2015-02-11
2015-02-12,2015,1,2,February,6,5,Thursday,43,2015-02,2015-02-12
2015-02-13,2015,1,2,February,6,6,Friday,44,2015-02,2015-02-13
2015-02-14,2015,1,2,February,6,7,Saturday,45,2015-02,2015-02-14
2015-02-15,2015,1,2,February,7,1,Sunday,46,2015-02,2015-02-15
2015-02-16,2015,1,2,February,7,2,Monday,47,2015-02,2015-02-16
2015-02-17,2015,1,2,February,7,3,Tuesday,48,2015-02,2015-02-17
2015-02-18,2015,1,2,February,7,4,Wednesday,49,2015-02,2015-02-18
2015-02-19,2015,1,2,February,7,5,Thursday,50,2015-02,2015-02-19
2015-02-20,2015,1,2,February,7,6,Friday,51,2015-02,2015-02-20
2015-02-21,2015,1,2,February,7,7,Saturday,52,2015-02,2015-02-21
2015-02-22,2015,1,2,February,8,1,Sunday,53,2015-02,2015-02-22
2015-02-23,2015,1,2,February,8,2,Monday,54,2015-02,2015-02-23
2015-02-24,2015,1,2,February,8,3,Tuesday,55,2015-02,2015-02-24
2015-02-25,2015,1,2,February,8,4,Wednesday,56,2015-02,2015-02-25
2015-02-26,2015,1,2,February,8,5,Thursday,57,2015-02,2015-02-26
2015-02-27,2015,1,2,February,8,6,Friday,58,2015-02,2015-02-27
2015-02-28,2015,1,2,February,8,7,Saturday,59,2015-02,2015-02-28
2015-03-01,2015,1,3,March,9,1,Sunday,60,2015-03,2015-03-01
2015-03-02,2015,1,3,March,9,2,Monday,61,2015-03,2015-03-02
2015-03-03,2015,1,3,March,9,3,Tuesday,62,2015-03,2015-03-03
2015-03-04,2015,1,3,March,9,4,Wednesday,63,2015-03,2015-03-04
2015-03-05,2015,1,3,March,9,5,Thursday,64,2015-03,2015-03-05
2015-03-06,2015,1,3,March,9,6,Friday,65,2015-03,2015-03-06
2015-03-07,2015,1,3,March,9,7,Saturday,66,2015-03,2015-03-07
2015-03-08,2015,1,3,March,10,1,Sunday,67,2015-03,2015-03-08
2015-03-09,2015,1,3,March,10,2,Monday,68,2015-03,2015-03-09
2015-03-10,2015,1,3,March,10,3,Tuesday,69,2015-03,2015-03-10
2015-03-11,2015,1,3,March,10,4,Wednesday,70,2015-03,2015-03-11
2015-03-12,2015,1,3,March,10,5,Thursday,71,2015-03,2015-03-12
2015-03-13,2015,1,3,March,10,6,Friday,72,2015-03,2015-03-13
2015-03-14,2015,1,3,March,10,7,Saturday,73,2015-03,2015-03-14
2015-03-15,2015,1,3,March,11,1,Sunday,74,2015-03,2015-03-15
2015-03-16,2015,1,3,March,11,2,Monday,75,2015-03,2015-03-16
2015-03-17,2015,1,3,March,11,3,Tuesday,76,2015-03,2015-03-17
2015-03-18,2015,1,3,March,11,4,Wednesday,77,2015-03,2015-03-18
2015-03-19,2015,1,3,March,11,5,Thursday,78,2015-03,2015-03-19
2015-03-20,2015,1,3,March,11,6,Friday,79,2015-03,2015-03-20
2015-03-21,2015,1,3,March,11,7,Saturday,80,2015-03,2015-03-21
2015-03-22,2015,1,3,March,12,1,Sunday,81,2015-03,2015-03-22
2015-03-23,2015,1,3,March,12,2,Monday,82,2015-03,2015-03-23
2015-03-24,2015,1,3,March,12,3,Tuesday,83,2015-03,2015-03-24
2015-03-25,2015,1,3,March,12,4,Wednesday,84,2015-03,2015-03-25
2015-03-26,2015,1,3,March,12,5,Thursday,85,2015-03,2015-03-26
2015-03-27,2015,1,3,March,12,6,Friday,86,2015-03,2015-03-27
2015-03-28,2015,1,3,March,12,7,Saturday,87,2015-03,2015-03-28
2015-03-29,2015,1,3,March,13,1,Sunday,88,2015-03,2015-03-29
2015-03-30,2015,1,3,March,13,2,Monday,89,2015-03,2015-03-30
2015-03-31,2015,1,3,March,13,3,Tuesday,90,2015-03,2015-03-31
2015-04-01,2015,2,4,April,13,4,Wednesday,91,2015-04,2015-04-01
2015-04-02,2015,2,4,April,13,5,Thursday,92,2015-04,2015-04-02
2015-04-03,2015,2,4,April,13,6,Friday,93,2015-04,2015-04-03
2015-04-04,2015,2,4,April,13,7,Saturday,94,2015-04,2015-04-04
2015-04-05,2015,2,4,April,14,1,Sunday,95,2015-04,2015-04-05
2015-04-06,2015,2,4,April,14,2,Monday,96,2015-04,2015-04-06
2015-04-07,2015,2,4,April,14,3,Tuesday,97,2015-04,2015-04-07
2015-04-08,2015,2,4,April,14,4,Wednesday,98,2015-04,2015-04-08
2015-04-09,2015,2,4,April,14,5,Thursday,99,2015-04,2015-04-09
2015-04-10,2015,2,4,April,14,6,Friday,100,2015-04,2015-04-10
2015-04-11,2015,2,4,April,14,7,Saturday,101,2015-04,2015-04-11
2015-04-12,2015,2,4,April,15,1,Sunday,102,2015-04,2015-04-12
2015-04-13,2015,2,4,April,15,2,Monday,103,2015-04,2015-04-13
2015-04-14,2015,2,4,April,15,3,Tuesday,104,2015-04,2015-04-14
2015-04-15,2015,2,4,April,15,4,Wednesday,105,2015-04,2015-04-15
2015-04-16,2015,2,4,April,15,5,Thursday,106,2015-04,2015-04-16
2015-04-17,2015,2,4,April,15,6,Friday,107,2015-04,2015-04-17
2015-04-18,2015,2,4,April,15,7,Saturday,108,2015-04,2015-04-18
2015-04-19,2015,2,4,April,16,1,Sunday,109,2015-04,2015-04-19
2015-04-20,2015,2,4,April,16,2,Monday,110,2015-04,2015-04-20
2015-04-21,2015,2,4,April,16,3,Tuesday,111,2015-04,2015-04-21
2015-04-22,2015,2,4,April,16,4,Wednesday,112,2015-04,2015-04-22
2015-04-23,2015,2,4,April,16,5,Thursday,113,2015-04,2015-04-23
2015-04-24,2015,2,4,April,16,6,Friday,114,2015-04,2015-04-24
2015-04-25,2015,2,4,April,16,7,Saturday,115,2015-04,2015-04-25
2015-04-26,2015,2,4,April,17,1,Sunday,116,2015-04,2015-04-26
2015-04-27,2015,2,4,April,17,2,Monday,117,2015-04,2015-04-27
2015-04-28,2015,2,4,April,17,3,Tuesday,118,2015-04,2015-04-28
2015-04-29,2015,2,4,April,17,4,Wednesday,119,2015-04,2015-04-29
2015-04-30,2015,2,4,April,17,5,Thursday,120,2015-04,2015-04-30
2015-05-01,2015,2,5,May,17,6,Friday,121,2015-05,2015-05-01
2015-05-02,2015,2,5,May,17,7,Saturday,122,2015-05,2015-05-02
2015-05-03,2015,2,5,May,18,1,Sunday,123,2015-05,2015-05-03
2015-05-04,2015,2,5,May,18,2,Monday,124,2015-05,2015-05-04
2015-05-05,2015,2,5,May,18,3,Tuesday,125,2015-05,2015-05-05
2015-05-06,2015,2,5,May,18,4,Wednesday,126,2015-05,2015-05-06
2015-05-07,2015,2,5,May,18,5,Thursday,127,2015-05,2015-05-07
2015-05-08,2015,2,5,May,18,6,Friday,128,2015-05,2015-05-08
2015-05-09,2015,2,5,May,18,7,Saturday,129,2015-05,2015-05-09
2015-05-10,2015,2,5,May,19,1,Sunday,130,2015-05,2015-05-10
2015-05-11,2015,2,5,May,19,2,Monday,131,2015-05,2015-05-11
2015-05-12,2015,2,5,May,19,3,Tuesday,132,2015-05,2015-05-12
2015-05-13,2015,2,5,May,19,4,Wednesday,133,2015-05,2015-05-13
2015-05-14,2015,2,5,May,19,5,Thursday,134,2015-05,2015-05-14
2015-05-15,2015,2,5,May,19,6,Friday,135,2015-05,2015-05-15
2015-05-16,2015,2,5,May,19,7,Saturday,136,2015-05,2015-05-16
2015-05-17,2015,2,5,May,20,1,Sunday,137,2015-05,2015-05-17
2015-05-18,2015,2,5,May,20,2,Monday,138,2015-05,2015-05-18
2015-05-19,2015,2,5,May,20,3,Tuesday,139,2015-05,2015-05-19
2015-05-20,2015,2,5,May,20,4,Wednesday,140,2015-05,2015-05-20
2015-05-21,2015,2,5,May,20,5,Thursday,141,2015-05,2015-05-21
2015-05-22,2015,2,5,May,20,6,Friday,142,2015-05,2015-05-22
2015-05-23,2015,2,5,May,20,7,Saturday,143,2015-05,2015-05-23
2015-05-24,2015,2,5,May,21,1,Sunday,144,2015-05,2015-05-24
2015-05-25,2015,2,5,May,21,2,Monday,145,2015-05,2015-05-25
2015-05-26,2015,2,5,May,21,3,Tuesday,146,2015-05,2015-05-26
2015-05-27,2015,2,5,May,21,4,Wednesday,147,2015-05,2015-05-27
2015-05-28,2015,2,5,May,21,5,Thursday,148,2015-05,2015-05-28
2015-05-29,2015,2,5,May,21,6,Friday,149,2015-05,2015-05-29
2015-05-30,2015,2,5,May,21,7,Saturday,150,2015-05,2015-05-30
2015-05-31,2015,2,5,May,22,1,Sunday,151,2015-05,2015-05-31
2015-06-01,2015,2,6,June,22,2,Monday,152,2015-06,2015-06-01
2015-06-02,2015,2,6,June,22,3,Tuesday,153,2015-06,2015-06-02
2015-06-03,2015,2,6,June,22,4,Wednesday,154,2015-06,2015-06-03
2015-06-04,2015,2,6,June,22,5,Thursday,155,2015-06,2015-06-04
2015-06-05,2015,2,6,June,22,6,Friday,156,2015-06,2015-06-05
2015-06-06,2015,2,6,June,22,7,Saturday,157,2015-06,2015-06-06
2015-06-07,2015,2,6,June,23,1,Sunday,158,2015-06,2015-06-07
2015-06-08,2015,2,6,June,23,2,Monday,159,2015-06,2015-06-08
2015-06-09,2015,2,6,June,23,3,Tuesday,160,2015-06,2015-06-09
2015-06-10,2015,2,6,June,23,4,Wednesday,161,2015-06,2015-06-10
2015-06-11,2015,2,6,June,23,5,Thursday,162,2015-06,2015-06-11
2015-06-12,2015,2,6,June,23,6,Friday,163,2015-06,2015-06-12
2015-06-13,2015,2,6,June,23,7,Saturday,164,2015-06,2015-06-13
2015-06-14,2015,2,6,June,24,1,Sunday,165,2015-06,2015-06-14
2015-06-15,2015,2,6,June,24,2,Monday,166,2015-06,2015-06-15
2015-06-16,2015,2,6,June,24,3,Tuesday,167,2015-06,2015-06-16
2015-06-17,2015,2,6,June,24,4,Wednesday,168,2015-06,2015-06-17
2015-06-18,2015,2,6,June,24,5,Thursday,169,2015-06,2015-06-18
2015-06-19,2015,2,6,June,24,6,Friday,170,2015-06,2015-06-19
2015-06-20,2015,2,6,June,24,7,Saturday,171,2015-06,2015-06-20
2015-06-21,2015,2,6,June,25,1,Sunday,172,2015-06,2015-06-21
2015-06-22,2015,2,6,June,25,2,Monday,173,2015-06,2015-06-22
2015-06-23,2015,2,6,June,25,3,Tuesday,174,2015-06,2015-06-23
2015-06-24,2015,2,6,June,25,4,Wednesday,175,2015-06,2015-06-24
2015-06-25,2015,2,6,June,25,5,Thursday,176,2015-06,2015-06-25
2015-06-26,2015,2,6,June,25,6,Friday,177,2015-06,2015-06-26
2015-06-27,2015,2,6,June,25,7,Saturday,178,2015-06,2015-06-27
2015-06-28,2015,2,6,June,26,1,Sunday,179,2015-06,2015-06-28
2015-06-29,2015,2,6,June,26,2,Monday,180,2015-06,2015-06-29
2015-06-30,2015,2,6,June,26,3,Tuesday,181,2015-06,2015-06-30
2015-07-01,2015,3,7,July,26,4,Wednesday,182,2015-07,2015-07-01
2015-07-02,2015,3,7,July,26,5,Thursday,183,2015-07,2015-07-02
2015-07-03,2015,3,7,July,26,6,Friday,184,2015-07,2015-07-03
2015-07-04,2015,3,7,July,26,7,Saturday,185,2015-07,2015-07-04
2015-07-05,2015,3,7,July,27,1,Sunday,186,2015-07,2015-07-05
2015-07-06,2015,3,7,July,27,2,Monday,187,2015-07,2015-07-06
2015-07-07,2015,3,7,July,27,3,Tuesday,188,2015-07,2015-07-07
2015-07-08,2015,3,7,July,27,4,Wednesday,189,2015-07,2015-07-08
2015-07-09,2015,3,7,July,27,5,Thursday,190,2015-07,2015-07-09
2015-07-10,2015,3,7,July,27,6,Friday,191,2015-07,2015-07-10
2015-07-11,2015,3,7,July,27,7,Saturday,192,2015-07,2015-07-11
2015-07-12,2015,3,7,July,28,1,Sunday,193,2015-07,2015-07-12
2015-07-13,2015,3,7,July,28,2,Monday,194,2015-07,2015-07-13
2015-07-14,2015,3,7,July,28,3,Tuesday,195,2015-07,2015-07-14
2015-07-15,2015,3,7,July,28,4,Wednesday,196,2015-07,2015-07-15
2015-07-16,2015,3,7,July,28,5,Thursday,197,2015-07,2015-07-16
2015-07-17,2015,3,7,July,28,6,Friday,198,2015-07,2015-07-17
2015-07-18,2015,3,7,July,28,7,Saturday,199,2015-07,2015-07-18
2015-07-19,2015,3,7,July,29,1,Sunday,200,2015-07,2015-07-19
2015-07-20,2015,3,7,July,29,2,Monday,201,2015-07,2015-07-20
2015-07-21,2015,3,7,July,29,3,Tuesday,202,2015-07,2015-07-21
2015-07-22,2015,3,7,July,29,4,Wednesday,203,2015-07,2015-07-22
2015-07-23,2015,3,7,July,29,5,Thursday,204,2015-07,2015-07-23
2015-07-24,2015,3,7,July,29,6,Friday,205,2015-07,2015-07-24
2015-07-25,2015,3,7,July,29,7,Saturday,206,2015-07,2015-07-25
2015-07-26,2015,3,7,July,30,1,Sunday,207,2015-07,2015-07-26
2015-07-27,2015,3,7,July,30,2,Monday,208,2015-07,2015-07-27
2015-07-28,2015,3,7,July,30,3,Tuesday,209,2015-07,2015-07-28
2015-07-29,2015,3,7,July,30,4,Wednesday,210,2015-07,2015-07-29
2015-07-30,2015,3,7,July,30,5,Thursday,211,2015-07,2015-07-30
2015-07-31,2015,3,7,July,30,6,Friday,212,2015-07,2015-07-31
2015-08-01,2015,3,8,August,30,7,Saturday,213,2015-08,2015-08-01
2015-08-02,2015,3,8,August,31,1,Sunday,214,2015-08,2015-08-02
2015-08-03,2015,3,8,August,31,2,Monday,215,2015-08,2015-08-03
2015-08-04,2015,3,8,August,31,3,Tuesday,216,2015-08,2015-08-04
2015-08-05,2015,3,8,August,31,4,Wednesday,217,2015-08,2015-08-05
2015-08-06,2015,3,8,August,31,5,Thursday,218,2015-08,2015-08-06
2015-08-07,2015,3,8,August,31,6,Friday,219,2015-08,2015-08-07
2015-08-08,2015,3,8,August,31,7,Saturday,220,2015-08,2015-08-08
2015-08-09,2015,3,8,August,32,1,Sunday,221,2015-08,2015-08-09
2015-08-10,2015,3,8,August,32,2,Monday,222,2015-08,2015-08-10
2015-08-11,2015,3,8,August,32,3,Tuesday,223,2015-08,2015-08-11
2015-08-12,2015,3,8,August,32,4,Wednesday,224,2015-08,2015-08-12
2015-08-13,2015,3,8,August,32,5,Thursday,225,2015-08,2015-08-13
2015-08-14,2015,3,8,August,32,6,Friday,226,2015-08,2015-08-14
2015-08-15,2015,3,8,August,32,7,Saturday,227,2015-08,2015-08-15
2015-08-16,2015,3,8,August,33,1,Sunday,228,2015-08,2015-08-16
2015-08-17,2015,3,8,August,33,2,Monday,229,2015-08,2015-08-17
2015-08-18,2015,3,8,August,33,3,Tuesday,230,2015-08,2015-08-18
2015-08-19,2015,3,8,August,33,4,Wednesday,231,2015-08,2015-08-19
2015-08-20,2015,3,8,August,33,5,Thursday,232,2015-08,2015-08-20
2015-08-21,2015,3,8,August,33,6,Friday,233,2015-08,2015-08-21
2015-08-22,2015,3,8,August,33,7,Saturday,234,2015-08,2015-08-22
2015-08-23,2015,3,8,August,34,1,Sunday,235,2015-08,2015-08-23
2015-08-24,2015,3,8,August,34,2,Monday,236,2015-08,2015-08-24
2015-08-25,2015,3,8,August,34,3,Tuesday,237,2015-08,2015-08-25
2015-08-26,2015,3,8,August,34,4,Wednesday,238,2015-08,2015-08-26
2015-08-27,2015,3,8,August,34,5,Thursday,239,2015-08,2015-08-27
2015-08-28,2015,3,8,August,34,6,Friday,240,2015-08,2015-08-28
2015-08-29,2015,3,8,August,34,7,Saturday,241,2015-08,2015-08-29
2015-08-30,2015,3,8,August,35,1,Sunday,242,2015-08,2015-08-30
2015-08-31,2015,3,8,August,35,2,Monday,243,2015-08,2015-08-31
2015-09-01,2015,3,9,September,35,3,Tuesday,244,2015-09,2015-09-01
2015-09-02,2015,3,9,September,35,4,Wednesday,245,2015-09,2015-09-02
2015-09-03,2015,3,9,September,35,5,Thursday,246,2015-09,2015-09-03
2015-09-04,2015,3,9,September,35,6,Friday,247,2015-09,2015-09-04
2015-09-05,2015,3,9,September,35,7,Saturday,248,2015-09,2015-09-05
2015-09-06,2015,3,9,September,36,1,Sunday,249,2015-09,2015-09-06
2015-09-07,2015,3,9,September,36,2,Monday,250,2015-09,2015-09-07
2015-09-08,2015,3,9,September,36,3,Tuesday,251,2015-09,2015-09-08
2015-09-09,2015,3,9,September,36,4,Wednesday,252,2015-09,2015-09-09
2015-09-10,2015,3,9,September,36,5,Thursday,253,2015-09,2015-09-10
2015-09-11,2015,3,9,September,36,6,Friday,254,2015-09,2015-09-11
2015-09-12,2015,3,9,September,36,7,Saturday,255,2015-09,2015-09-12
2015-09-13,2015,3,9,September,37,1,Sunday,256,2015-09,2015-09-13
2015-09-14,2015,3,9,September,37,2,Monday,257,2015-09,2015-09-14
2015-09-15,2015,3,9,September,37,3,Tuesday,258,2015-09,2015-09-15
2015-09-16,2015,3,9,September,37,4,Wednesday,259,2015-09,2015-09-16
2015-09-17,2015,3,9,September,37,5,Thursday,260,2015-09,2015-09-17
2015-09-18,2015,3,9,September,37,6,Friday,261,2015-09,2015-09-18
2015-09-19,2015,3,9,September,37,7,Saturday,262,2015-09,2015-09-19
2015-09-20,2015,3,9,September,38,1,Sunday,263,2015-09,2015-09-20
2015-09-21,2015,3,9,September,38,2,Monday,264,2015-09,2015-09-21
2015-09-22,2015,3,9,September,38,3,Tuesday,265,2015-09,2015-09-22
2015-09-23,2015,3,9,September,38,4,Wednesday,266,2015-09,2015-09-23
2015-09-24,2015,3,9,September,38,5,Thursday,267,2015-09,2015-09-24
2015-09-25,2015,3,9,September,38,6,Friday,268,2015-09,2015-09-25
2015-09-26,2015,3,9,September,38,7,Saturday,269,2015-09,2015-09-26
2015-09-27,2015,3,9,September,39,1,Sunday,270,2015-09,2015-09-27
2015-09-28,2015,3,9,September,39,2,Monday,271,2015-09,2015-09-28
2015-09-29,2015,3,9,September,39,3,Tuesday,272,2015-09,2015-09-29
2015-09-30,2015,3,9,September,39,4,Wednesday,273,2015-09,2015-09-30
2015-10-01,2015,4,10,October,39,5,Thursday,274,2015-10,2015-10-01
2015-10-02,2015,4,10,October,39,6,Friday,275,2015-10,2015-10-02
2015-10-03,2015,4,10,October,39,7,Saturday,276,2015-10,2015-10-03
2015-10-04,2015,4,10,October,40,1,Sunday,277,2015-10,2015-10-04
2015-10-05,2015,4,10,October,40,2,Monday,278,2015-10,2015-10-05
2015-10-06,2015,4,10,October,40,3,Tuesday,279,2015-10,2015-10-06
2015-10-07,2015,4,10,October,40,4,Wednesday,280,2015-10,2015-10-07
2015-10-08,2015,4,10,October,40,5,Thursday,281,2015-10,2015-10-08
2015-10-09,2015,4,10,October,40,6,Friday,282,2015-10,2015-10-09
2015-10-10,2015,4,10,October,40,7,Saturday,283,2015-10,2015-10-10
2015-10-11,2015,4,10,October,41,1,Sunday,284,2015-10,2015-10-11
2015-10-12,2015,4,10,October,41,2,Monday,285,2015-10,2015-10-12
2015-10-13,2015,4,10,October,41,3,Tuesday,286,2015-10,2015-10-13
2015-10-14,2015,4,10,October,41,4,Wednesday,287,2015-10,2015-10-14
2015-10-15,2015,4,10,October,41,5,Thursday,288,2015-10,2015-10-15
2015-10-16,2015,4,10,October,41,6,Friday,289,2015-10,2015-10-16
2015-10-17,2015,4,10,October,41,7,Saturday,290,2015-10,2015-10-17
2015-10-18,2015,4,10,October,42,1,Sunday,291,2015-10,2015-10-18
2015-10-19,2015,4,10,October,42,2,Monday,292,2015-10,2015-10-19
2015-10-20,2015,4,10,October,42,3,Tuesday,293,2015-10,2015-10-20
2015-10-21,2015,4,10,October,42,4,Wednesday,294,2015-10,2015-10-21
2015-10-22,2015,4,10,October,42,5,Thursday,295,2015-10,2015-10-22
2015-10-23,2015,4,10,October,42,6,Friday,296,2015-10,2015-10-23
2015-10-24,2015,4,10,October,42,7,Saturday,297,2015-10,2015-10-24
2015-10-25,2015,4,10,October,43,1,Sunday,298,2015-10,2015-10-25
2015-10-26,2015,4,10,October,43,2,Monday,299,2015-10,2015-10-26
2015-10-27,2015,4,10,October,43,3,Tuesday,300,2015-10,2015-10-27
2015-10-28,2015,4,10,October,43,4,Wednesday,301,2015-10,2015-10-28
2015-10-29,2015,4,10,October,43,5,Thursday,302,2015-10,2015-10-29
2015-10-30,2015,4,10,October,43,6,Friday,303,2015-10,2015-10-30
2015-10-31,2015,4,10,October,43,7,Saturday,304,2015-10,2015-10-31
2015-11-01,2015,4,11,November,44,1,Sunday,305,2015-11,2015-11-01
2015-11-02,2015,4,11,November,44,2,Monday,306,2015-11,2015-11-02
2015-11-03,2015,4,11,November,44,3,Tuesday,307,2015-11,2015-11-03
2015-11-04,2015,4,11,November,44,4,Wednesday,308,2015-11,2015-11-04
2015-11-05,2015,4,11,November,44,5,Thursday,309,2015-11,2015-11-05
2015-11-06,2015,4,11,November,44,6,Friday,310,2015-11,2015-11-06
2015-11-07,2015,4,11,November,44,7,Saturday,311,2015-11,2015-11-07
2015-11-08,2015,4,11,November,45,1,Sunday,312,2015-11,2015-11-08
2015-11-09,2015,4,11,November,45,2,Monday,313,2015-11,2015-11-09
2015-11-10,2015,4,11,November,45,3,Tuesday,314,2015-11,2015-11-10
2015-11-11,2015,4,11,November,45,4,Wednesday,315,2015-11,2015-11-11
2015-11-12,2015,4,11,November,45,5,Thursday,316,2015-11,2015-11-12
2015-11-13,2015,4,11,November,45,6,Friday,317,2015-11,2015-11-13
2015-11-14,2015,4,11,November,45,7,Saturday,318,2015-11,2015-11-14
2015-11-15,2015,4,11,November,46,1,Sunday,319,2015-11,2015-11-15
2015-11-16,2015,4,11,November,46,2,Monday,320,2015-11,2015-11-16
2015-11-17,2015,4,11,November,46,3,Tuesday,321,2015-11,2015-11-17
2015-11-18,2015,4,11,November,46,4,Wednesday,322,2015-11,2015-11-18
2015-11-19,2015,4,11,November,46,5,Thursday,323,2015-11,2015-11-19
2015-11-20,2015,4,11,November,46,6,Friday,324,2015-11,2015-11-20
2015-11-21,2015,4,11,November,46,7,Saturday,325,2015-11,2015-11-21
2015-11-22,2015,4,11,November,47,1,Sunday,326,2015-11,2015-11-22
2015-11-23,2015,4,11,November,47,2,Monday,327,2015-11,2015-11-23
2015-11-24,2015,4,11,November,47,3,Tuesday,328,2015-11,2015-11-24
2015-11-25,2015,4,11,November,47,4,Wednesday,329,2015-11,2015-11-25
2015-11-26,2015,4,11,November,47,5,Thursday,330,2015-11,2015-11-26
2015-11-27,2015,4,11,November,47,6,Friday,331,2015-11,2015-11-27
2015-11-28,2015,4,11,November,47,7,Saturday,332,2015-11,2015-11-28
2015-11-29,2015,4,11,November,48,1,Sunday,333,2015-11,2015-11-29
2015-11-30,2015,4,11,November,48,2,Monday,334,2015-11,2015-11-30
2015-12-01,2015,4,12,December,48,3,Tuesday,335,2015-12,2015-12-01
2015-12-02,2015,4,12,December,48,4,Wednesday,336,2015-12,2015-12-02
2015-12-03,2015,4,12,December,48,5,Thursday,337,2015-12,2015-12-03
2015-12-04,2015,4,12,December,48,6,Friday,338,2015-12,2015-12-04
2015-12-05,2015,4,12,December,48,7,Saturday,339,2015-12,2015-12-05
2015-12-06,2015,4,12,December,49,1,Sunday,340,2015-12,2015-12-06
2015-12-07,2015,4,12,December,49,2,Monday,341,2015-12,2015-12-07
2015-12-08,2015,4,12,December,49,3,Tuesday,342,2015-12,2015-12-08
2015-12-09,2015,4,12,December,49,4,Wednesday,343,2015-12,2015-12-09
2015-12-10,2015,4,12,December,49,5,Thursday,344,2015-12,2015-12-10
2015-12-11,2015,4,12,December,49,6,Friday,345,2015-12,2015-12-11
2015-12-12,2015,4,12,December,49,7,Saturday,346,2015-12,2015-12-12
2015-12-13,2015,4,12,December,50,1,Sunday,347,2015-12,2015-12-13
2015-12-14,2015,4,12,December,50,2,Monday,348,2015-12,2015-12-14
2015-12-15,2015,4,12,December,50,3,Tuesday,349,2015-12,2015-12-15
2015-12-16,2015,4,12,December,50,4,Wednesday,350,2015-12,2015-12-16
2015-12-17,2015,4,12,December,50,5,Thursday,351,2015-12,2015-12-17
2015-12-18,2015,4,12,December,50,6,Friday,352,2015-12,2015-12-18
2015-12-19,2015,4,12,December,50,7,Saturday,353,2015-12,2015-12-19
2015-12-20,2015,4,12,December,51,1,Sunday,354,2015-12,2015-12-20
2015-12-21,2015,4,12,December,51,2,Monday,355,2015-12,2015-12-21
2015-12-22,2015,4,12,December,51,3,Tuesday,356,2015-12,2015-12-22
2015-12-23,2015,4,12,December,51,4,Wednesday,357,2015-12,2015-12-23
2015-12-24,2015,4,12,December,51,5,Thursday,358,2015-12,2015-12-24
2015-12-25,2015,4,12,December,51,6,Friday,359,2015-12,2015-12-25
2015-12-26,2015,4,12,December,51,7,Saturday,360,2015-12,2015-12-26
2015-12-27,2015,4,12,December,52,1,Sunday,361,2015-12,2015-12-27
2015-12-28,2015,4,12,December,52,2,Monday,362,2015-12,2015-12-28
2015-12-29,2015,4,12,December,52,3,Tuesday,363,2015-12,2015-12-29
2015-12-30,2015,4,12,December,52,4,Wednesday,364,2015-12,2015-12-30
2015-12-31,2015,4,12,December,52,5,Thursday,365,2015-12,2015-12-31
2016-01-01,2016,1,1,January,0,6,Friday,1,2016-01,2016-01-01
2016-01-02,2016,1,1,January,0,7,Saturday,2,2016-01,2016-01-02
2016-01-03,2016,1,1,January,1,1,Sunday,3,2016-01,2016-01-03
2016-01-04,2016,1,1,January,1,2,Monday,4,2016-01,2016-01-04
2016-01-05,2016,1,1,January,1,3,Tuesday,5,2016-01,2016-01-05
2016-01-06,2016,1,1,January,1,4,Wednesday,6,2016-01,2016-01-06
2016-01-07,2016,1,1,January,1,5,Thursday,7,2016-01,2016-01-07
2016-01-08,2016,1,1,January,1,6,Friday,8,2016-01,2016-01-08
2016-01-09,2016,1,1,January,1,7,Saturday,9,2016-01,2016-01-09
2016-01-10,2016,1,1,January,2,1,Sunday,10,2016-01,2016-01-10
2016-01-11,2016,1,1,January,2,2,Monday,11,2016-01,2016-01-11
2016-01-12,2016,1,1,January,2,3,Tuesday,12,2016-01,2016-01-12
2016-01-13,2016,1,1,January,2,4,Wednesday,13,2016-01,2016-01-13
2016-01-14,2016,1,1,January,2,5,Thursday,14,2016-01,2016-01-14
2016-01-15,2016,1,1,January,2,6,Friday,15,2016-01,2016-01-15
2016-01-16,2016,1,1,January,2,7,Saturday,16,2016-01,2016-01-16
2016-01-17,2016,1,1,January,3,1,Sunday,17,2016-01,2016-01-17
2016-01-18,2016,1,1,January,3,2,Monday,18,2016-01,2016-01-18
2016-01-19,2016,1,1,January,3,3,Tuesday,19,2016-01,2016-01-19
2016-01-20,2016,1,1,January,3,4,Wednesday,20,2016-01,2016-01-20
2016-01-21,2016,1,1,January,3,5,Thursday,21,2016-01,2016-01-21
2016-01-22,2016,1,1,January,3,6,Friday,22,2016-01,2016-01-22
2016-01-23,2016,1,1,January,3,7,Saturday,23,2016-01,2016-01-23
2016-01-24,2016,1,1,January,4,1,Sunday,24,2016-01,2016-01-24
2016-01-25,2016,1,1,January,4,2,Monday,25,2016-01,2016-01-25
2016-01-26,2016,1,1,January,4,3,Tuesday,26,2016-01,2016-01-26
2016-01-27,2016,1,1,January,4,4,Wednesday,27,2016-01,2016-01-27
2016-01-28,2016,1,1,January,4,5,Thursday,28,2016-01,2016-01-28
2016-01-29,2016,1,1,January,4,6,Friday,29,2016-01,2016-01-29
2016-01-30,2016,1,1,January,4,7,Saturday,30,2016-01,2016-01-30
2016-01-31,2016,1,1,January,5,1,Sunday,31,2016-01,2016-01-31
2016-02-01,2016,1,2,February,5,2,Monday,32,2016-02,2016-02-01
2016-02-02,2016,1,2,February,5,3,Tuesday,33,2016-02,2016-02-02
2016-02-03,2016,1,2,February,5,4,Wednesday,34,2016-02,2016-02-03
2016-02-04,2016,1,2,February,5,5,Thursday,35,2016-02,2016-02-04
2016-02-05,2016,1,2,February,5,6,Friday,36,2016-02,2016-02-05
2016-02-06,2016,1,2,February,5,7,Saturday,37,2016-02,2016-02-06
2016-02-07,2016,1,2,February,6,1,Sunday,38,2016-02,2016-02-07
2016-02-08,2016,1,2,February,6,2,Monday,39,2016-02,2016-02-08
2016-02-09,2016,1,2,February,6,3,Tuesday,40,2016-02,2016-02-09
2016-02-10,2016,1,2,February,6,4,Wednesday,41,2016-02,2016-02-10
2016-02-11,2016,1,2,February,6,5,Thursday,42,2016-02,2016-02-11
2016-02-12,2016,1,2,February,6,6,Friday,43,2016-02,2016-02-12
2016-02-13,2016,1,2,February,6,7,Saturday,44,2016-02,2016-02-13
2016-02-14,2016,1,2,February,7,1,Sunday,45,2016-02,2016-02-14
2016-02-15,2016,1,2,February,7,2,Monday,46,2016-02,2016-02-15
2016-02-16,2016,1,2,February,7,3,Tuesday,47,2016-02,2016-02-16
2016-02-17,2016,1,2,February,7,4,Wednesday,48,2016-02,2016-02-17
2016-02-18,2016,1,2,February,7,5,Thursday,49,2016-02,2016-02-18
2016-02-19,2016,1,2,February,7,6,Friday,50,2016-02,2016-02-19
2016-02-20,2016,1,2,February,7,7,Saturday,51,2016-02,2016-02-20
2016-02-21,2016,1,2,February,8,1,Sunday,52,2016-02,2016-02-21
2016-02-22,2016,1,2,February,8,2,Monday,53,2016-02,2016-02-22
2016-02-23,2016,1,2,February,8,3,Tuesday,54,2016-02,2016-02-23
2016-02-24,2016,1,2,February,8,4,Wednesday,55,2016-02,2016-02-24
2016-02-25,2016,1,2,February,8,5,Thursday,56,2016-02,2016-02-25
2016-02-26,2016,1,2,February,8,6,Friday,57,2016-02,2016-02-26
2016-02-27,2016,1,2,February,8,7,Saturday,58,2016-02,2016-02-27
2016-02-28,2016,1,2,February,9,1,Sunday,59,2016-02,2016-02-28
2016-02-29,2016,1,2,February,9,2,Monday,60,2016-02,2016-02-29
2016-03-01,2016,1,3,March,9,3,Tuesday,61,2016-03,2016-03-01
2016-03-02,2016,1,3,March,9,4,Wednesday,62,2016-03,2016-03-02
2016-03-03,2016,1,3,March,9,5,Thursday,63,2016-03,2016-03-03
2016-03-04,2016,1,3,March,9,6,Friday,64,2016-03,2016-03-04
2016-03-05,2016,1,3,March,9,7,Saturday,65,2016-03,2016-03-05
2016-03-06,2016,1,3,March,10,1,Sunday,66,2016-03,2016-03-06
2016-03-07,2016,1,3,March,10,2,Monday,67,2016-03,2016-03-07
2016-03-08,2016,1,3,March,10,3,Tuesday,68,2016-03,2016-03-08
2016-03-09,2016,1,3,March,10,4,Wednesday,69,2016-03,2016-03-09
2016-03-10,2016,1,3,March,10,5,Thursday,70,2016-03,2016-03-10
2016-03-11,2016,1,3,March,10,6,Friday,71,2016-03,2016-03-11
2016-03-12,2016,1,3,March,10,7,Saturday,72,2016-03,2016-03-12
2016-03-13,2016,1,3,March,11,1,Sunday,73,2016-03,2016-03-13
2016-03-14,2016,1,3,March,11,2,Monday,74,2016-03,2016-03-14
2016-03-15,2016,1,3,March,11,3,Tuesday,75,2016-03,2016-03-15
2016-03-16,2016,1,3,March,11,4,Wednesday,76,2016-03,2016-03-16
2016-03-17,2016,1,3,March,11,5,Thursday,77,2016-03,2016-03-17
2016-03-18,2016,1,3,March,11,6,Friday,78,2016-03,2016-03-18
2016-03-19,2016,1,3,March,11,7,Saturday,79,2016-03,2016-03-19
2016-03-20,2016,1,3,March,12,1,Sunday,80,2016-03,2016-03-20
2016-03-21,2016,1,3,March,12,2,Monday,81,2016-03,2016-03-21
2016-03-22,2016,1,3,March,12,3,Tuesday,82,2016-03,2016-03-22
2016-03-23,2016,1,3,March,12,4,Wednesday,83,2016-03,2016-03-23
2016-03-24,2016,1,3,March,12,5,Thursday,84,2016-03,2016-03-24
2016-03-25,2016,1,3,March,12,6,Friday,85,2016-03,2016-03-25
2016-03-26,2016,1,3,March,12,7,Saturday,86,2016-03,2016-03-26
2016-03-27,2016,1,3,March,13,1,Sunday,87,2016-03,2016-03-27
2016-03-28,2016,1,3,March,13,2,Monday,88,2016-03,2016-03-28
2016-03-29,2016,1,3,March,13,3,Tuesday,89,2016-03,2016-03-29
2016-03-30,2016,1,3,March,13,4,Wednesday,90,2016-03,2016-03-30
2016-03-31,2016,1,3,March,13,5,Thursday,91,2016-03,2016-03-31
2016-04-01,2016,2,4,April,13,6,Friday,92,2016-04,2016-04-01
2016-04-02,2016,2,4,April,13,7,Saturday,93,2016-04,2016-04-02
2016-04-03,2016,2,4,April,14,1,Sunday,94,2016-04,2016-04-03
2016-04-04,2016,2,4,April,14,2,Monday,95,2016-04,2016-04-04
2016-04-05,2016,2,4,April,14,3,Tuesday,96,2016-04,2016-04-05
2016-04-06,2016,2,4,April,14,4,Wednesday,97,2016-04,2016-04-06
2016-04-07,2016,2,4,April,14,5,Thursday,98,2016-04,2016-04-07
2016-04-08,2016,2,4,April,14,6,Friday,99,2016-04,2016-04-08
2016-04-09,2016,2,4,April,14,7,Saturday,100,2016-04,2016-04-09
2016-04-10,2016,2,4,April,15,1,Sunday,101,2016-04,2016-04-10
2016-04-11,2016,2,4,April,15,2,Monday,102,2016-04,2016-04-11
2016-04-12,2016,2,4,April,15,3,Tuesday,103,2016-04,2016-04-12
2016-04-13,2016,2,4,April,15,4,Wednesday,104,2016-04,2016-04-13
2016-04-14,2016,2,4,April,15,5,Thursday,105,2016-04,2016-04-14
2016-04-15,2016,2,4,April,15,6,Friday,106,2016-04,2016-04-15
2016-04-16,2016,2,4,April,15,7,Saturday,107,2016-04,2016-04-16
2016-04-17,2016,2,4,April,16,1,Sunday,108,2016-04,2016-04-17
2016-04-18,2016,2,4,April,16,2,Monday,109,2016-04,2016-04-18
2016-04-19,2016,2,4,April,16,3,Tuesday,110,2016-04,2016-04-19
2016-04-20,2016,2,4,April,16,4,Wednesday,111,2016-04,2016-04-20
2016-04-21,2016,2,4,April,16,5,Thursday,112,2016-04,2016-04-21
2016-04-22,2016,2,4,April,16,6,Friday,113,2016-04,2016-04-22
2016-04-23,2016,2,4,April,16,7,Saturday,114,2016-04,2016-04-23
2016-04-24,2016,2,4,April,17,1,Sunday,115,2016-04,2016-04-24
2016-04-25,2016,2,4,April,17,2,Monday,116,2016-04,2016-04-25
2016-04-26,2016,2,4,April,17,3,Tuesday,117,2016-04,2016-04-26
2016-04-27,2016,2,4,April,17,4,Wednesday,118,2016-04,2016-04-27
2016-04-28,2016,2,4,April,17,5,Thursday,119,2016-04,2016-04-28
2016-04-29,2016,2,4,April,17,6,Friday,120,2016-04,2016-04-29
2016-04-30,2016,2,4,April,17,7,Saturday,121,2016-04,2016-04-30
2016-05-01,2016,2,5,May,18,1,Sunday,122,2016-05,2016-05-01
2016-05-02,2016,2,5,May,18,2,Monday,123,2016-05,2016-05-02
2016-05-03,2016,2,5,May,18,3,Tuesday,124,2016-05,2016-05-03
2016-05-04,2016,2,5,May,18,4,Wednesday,125,2016-05,2016-05-04
2016-05-05,2016,2,5,May,18,5,Thursday,126,2016-05,2016-05-05
2016-05-06,2016,2,5,May,18,6,Friday,127,2016-05,2016-05-06
2016-05-07,2016,2,5,May,18,7,Saturday,128,2016-05,2016-05-07
2016-05-08,2016,2,5,May,19,1,Sunday,129,2016-05,2016-05-08
2016-05-09,2016,2,5,May,19,2,Monday,130,2016-05,2016-05-09
2016-05-10,2016,2,5,May,19,3,Tuesday,131,2016-05,2016-05-10
2016-05-11,2016,2,5,May,19,4,Wednesday,132,2016-05,2016-05-11
2016-05-12,2016,2,5,May,19,5,Thursday,133,2016-05,2016-05-12
2016-05-13,2016,2,5,May,19,6,Friday,134,2016-05,2016-05-13
2016-05-14,2016,2,5,May,19,7,Saturday,135,2016-05,2016-05-14
2016-05-15,2016,2,5,May,20,1,Sunday,136,2016-05,2016-05-15
2016-05-16,2016,2,5,May,20,2,Monday,137,2016-05,2016-05-16
2016-05-17,2016,2,5,May,20,3,Tuesday,138,2016-05,2016-05-17
2016-05-18,2016,2,5,May,20,4,Wednesday,139,2016-05,2016-05-18
2016-05-19,2016,2,5,May,20,5,Thursday,140,2016-05,2016-05-19
2016-05-20,2016,2,5,May,20,6,Friday,141,2016-05,2016-05-20
2016-05-21,2016,2,5,May,20,7,Saturday,142,2016-05,2016-05-21
2016-05-22,2016,2,5,May,21,1,Sunday,143,2016-05,2016-05-22
2016-05-23,2016,2,5,May,21,2,Monday,144,2016-05,2016-05-23
2016-05-24,2016,2,5,May,21,3,Tuesday,145,2016-05,2016-05-24
2016-05-25,2016,2,5,May,21,4,Wednesday,146,2016-05,2016-05-25
2016-05-26,2016,2,5,May,21,5,Thursday,147,2016-05,2016-05-26
2016-05-27,2016,2,5,May,21,6,Friday,148,2016-05,2016-05-27
2016-05-28,2016,2,5,May,21,7,Saturday,149,2016-05,2016-05-28
2016-05-29,2016,2,5,May,22,1,Sunday,150,2016-05,2016-05-29
2016-05-30,2016,2,5,May,22,2,Monday,151,2016-05,2016-05-30
2016-05-31,2016,2,5,May,22,3,Tuesday,152,2016-05,2016-05-31
2016-06-01,2016,2,6,June,22,4,Wednesday,153,2016-06,2016-06-01
2016-06-02,2016,2,6,June,22,5,Thursday,154,2016-06,2016-06-02
2016-06-03,2016,2,6,June,22,6,Friday,155,2016-06,2016-06-03
2016-06-04,2016,2,6,June,22,7,Saturday,156,2016-06,2016-06-04
2016-06-05,2016,2,6,June,23,1,Sunday,157,2016-06,2016-06-05
2016-06-06,2016,2,6,June,23,2,Monday,158,2016-06,2016-06-06
2016-06-07,2016,2,6,June,23,3,Tuesday,159,2016-06,2016-06-07
2016-06-08,2016,2,6,June,23,4,Wednesday,160,2016-06,2016-06-08
2016-06-09,2016,2,6,June,23,5,Thursday,161,2016-06,2016-06-09
2016-06-10,2016,2,6,June,23,6,Friday,162,2016-06,2016-06-10
2016-06-11,2016,2,6,June,23,7,Saturday,163,2016-06,2016-06-11
2016-06-12,2016,2,6,June,24,1,Sunday,164,2016-06,2016-06-12
2016-06-13,2016,2,6,June,24,2,Monday,165,2016-06,2016-06-13
2016-06-14,2016,2,6,June,24,3,Tuesday,166,2016-06,2016-06-14
2016-06-15,2016,2,6,June,24,4,Wednesday,167,2016-06,2016-06-15
2016-06-16,2016,2,6,June,24,5,Thursday,168,2016-06,2016-06-16
2016-06-17,2016,2,6,June,24,6,Friday,169,2016-06,2016-06-17
2016-06-18,2016,2,6,June,24,7,Saturday,170,2016-06,2016-06-18
2016-06-19,2016,2,6,June,25,1,Sunday,171,2016-06,2016-06-19
2016-06-20,2016,2,6,June,25,2,Monday,172,2016-06,2016-06-20
2016-06-21,2016,2,6,June,25,3,Tuesday,173,2016-06,2016-06-21
2016-06-22,2016,2,6,June,25,4,Wednesday,174,2016-06,2016-06-22
2016-06-23,2016,2,6,June,25,5,Thursday,175,2016-06,2016-06-23
2016-06-24,2016,2,6,June,25,6,Friday,176,2016-06,2016-06-24
2016-06-25,2016,2,6,June,25,7,Saturday,177,2016-06,2016-06-25
2016-06-26,2016,2,6,June,26,1,Sunday,178,2016-06,2016-06-26
2016-06-27,2016,2,6,June,26,2,Monday,179,2016-06,2016-06-27
2016-06-28,2016,2,6,June,26,3,Tuesday,180,2016-06,2016-06-28
2016-06-29,2016,2,6,June,26,4,Wednesday,181,2016-06,2016-06-29
2016-06-30,2016,2,6,June,26,5,Thursday,182,2016-06,2016-06-30
2016-07-01,2016,3,7,July,26,6,Friday,183,2016-07,2016-07-01
2016-07-02,2016,3,7,July,26,7,Saturday,184,2016-07,2016-07-02
2016-07-03,2016,3,7,July,27,1,Sunday,185,2016-07,2016-07-03
2016-07-04,2016,3,7,July,27,2,Monday,186,2016-07,2016-07-04
2016-07-05,2016,3,7,July,27,3,Tuesday,187,2016-07,2016-07-05
2016-07-06,2016,3,7,July,27,4,Wednesday,188,2016-07,2016-07-06
2016-07-07,2016,3,7,July,27,5,Thursday,189,2016-07,2016-07-07
2016-07-08,2016,3,7,July,27,6,Friday,190,2016-07,2016-07-08
2016-07-09,2016,3,7,July,27,7,Saturday,191,2016-07,2016-07-09
2016-07-10,2016,3,7,July,28,1,Sunday,192,2016-07,2016-07-10
2016-07-11,2016,3,7,July,28,2,Monday,193,2016-07,2016-07-11
2016-07-12,2016,3,7,July,28,3,Tuesday,194,2016-07,2016-07-12
2016-07-13,2016,3,7,July,28,4,Wednesday,195,2016-07,2016-07-13
2016-07-14,2016,3,7,July,28,5,Thursday,196,2016-07,2016-07-14
2016-07-15,2016,3,7,July,28,6,Friday,197,2016-07,2016-07-15
2016-07-16,2016,3,7,July,28,7,Saturday,198,2016-07,2016-07-16
2016-07-17,2016,3,7,July,29,1,Sunday,199,2016-07,2016-07-17
2016-07-18,2016,3,7,July,29,2,Monday,200,2016-07,2016-07-18
2016-07-19,2016,3,7,July,29,3,Tuesday,201,2016-07,2016-07-19
2016-07-20,2016,3,7,July,29,4,Wednesday,202,2016-07,2016-07-20
2016-07-21,2016,3,7,July,29,5,Thursday,203,2016-07,2016-07-21
2016-07-22,2016,3,7,July,29,6,Friday,204,2016-07,2016-07-22
2016-07-23,2016,3,7,July,29,7,Saturday,205,2016-07,2016-07-23
2016-07-24,2016,3,7,July,30,1,Sunday,206,2016-07,2016-07-24
2016-07-25,2016,3,7,July,30,2,Monday,207,2016-07,2016-07-25
2016-07-26,2016,3,7,July,30,3,Tuesday,208,2016-07,2016-07-26
2016-07-27,2016,3,7,July,30,4,Wednesday,209,2016-07,2016-07-27
2016-07-28,2016,3,7,July,30,5,Thursday,210,2016-07,2016-07-28
2016-07-29,2016,3,7,July,30,6,Friday,211,2016-07,2016-07-29
2016-07-30,2016,3,7,July,30,7,Saturday,212,2016-07,2016-07-30
2016-07-31,2016,3,7,July,31,1,Sunday,213,2016-07,2016-07-31
2016-08-01,2016,3,8,August,31,2,Monday,214,2016-08,2016-08-01
2016-08-02,2016,3,8,August,31,3,Tuesday,215,2016-08,2016-08-02
2016-08-03,2016,3,8,August,31,4,Wednesday,216,2016-08,2016-08-03
2016-08-04,2016,3,8,August,31,5,Thursday,217,2016-08,2016-08-04
2016-08-05,2016,3,8,August,31,6,Friday,218,2016-08,2016-08-05
2016-08-06,2016,3,8,August,31,7,Saturday,219,2016-08,2016-08-06
2016-08-07,2016,3,8,August,32,1,Sunday,220,2016-08,2016-08-07
2016-08-08,2016,3,8,August,32,2,Monday,221,2016-08,2016-08-08
2016-08-09,2016,3,8,August,32,3,Tuesday,222,2016-08,2016-08-09
2016-08-10,2016,3,8,August,32,4,Wednesday,223,2016-08,2016-08-10
2016-08-11,2016,3,8,August,32,5,Thursday,224,2016-08,2016-08-11
2016-08-12,2016,3,8,August,32,6,Friday,225,2016-08,2016-08-12
2016-08-13,2016,3,8,August,32,7,Saturday,226,2016-08,2016-08-13
2016-08-14,2016,3,8,August,33,1,Sunday,227,2016-08,2016-08-14
2016-08-15,2016,3,8,August,33,2,Monday,228,2016-08,2016-08-15
2016-08-16,2016,3,8,August,33,3,Tuesday,229,2016-08,2016-08-16
2016-08-17,2016,3,8,August,33,4,Wednesday,230,2016-08,2016-08-17
2016-08-18,2016,3,8,August,33,5,Thursday,231,2016-08,2016-08-18
2016-08-19,2016,3,8,August,33,6,Friday,232,2016-08,2016-08-19
2016-08-20,2016,3,8,August,33,7,Saturday,233,2016-08,2016-08-20
2016-08-21,2016,3,8,August,34,1,Sunday,234,2016-08,2016-08-21
2016-08-22,2016,3,8,August,34,2,Monday,235,2016-08,2016-08-22
2016-08-23,2016,3,8,August,34,3,Tuesday,236,2016-08,2016-08-23
2016-08-24,2016,3,8,August,34,4,Wednesday,237,2016-08,2016-08-24
2016-08-25,2016,3,8,August,34,5,Thursday,238,2016-08,2016-08-25
2016-08-26,2016,3,8,August,34,6,Friday,239,2016-08,2016-08-26
2016-08-27,2016,3,8,August,34,7,Saturday,240,2016-08,2016-08-27
2016-08-28,2016,3,8,August,35,1,Sunday,241,2016-08,2016-08-28
2016-08-29,2016,3,8,August,35,2,Monday,242,2016-08,2016-08-29
2016-08-30,2016,3,8,August,35,3,Tuesday,243,2016-08,2016-08-30
2016-08-31,2016,3,8,August,35,4,Wednesday,244,2016-08,2016-08-31
2016-09-01,2016,3,9,September,35,5,Thursday,245,2016-09,2016-09-01
2016-09-02,2016,3,9,September,35,6,Friday,246,2016-09,2016-09-02
2016-09-03,2016,3,9,September,35,7,Saturday,247,2016-09,2016-09-03
2016-09-04,2016,3,9,September,36,1,Sunday,248,2016-09,2016-09-04
2016-09-05,2016,3,9,September,36,2,Monday,249,2016-09,2016-09-05
2016-09-06,2016,3,9,September,36,3,Tuesday,250,2016-09,2016-09-06
2016-09-07,2016,3,9,September,36,4,Wednesday,251,2016-09,2016-09-07
2016-09-08,2016,3,9,September,36,5,Thursday,252,2016-09,2016-09-08
2016-09-09,2016,3,9,September,36,6,Friday,253,2016-09,2016-09-09
2016-09-10,2016,3,9,September,36,7,Saturday,254,2016-09,2016-09-10
2016-09-11,2016,3,9,September,37,1,Sunday,255,2016-09,2016-09-11
2016-09-12,2016,3,9,September,37,2,Monday,256,2016-09,2016-09-12
2016-09-13,2016,3,9,September,37,3,Tuesday,257,2016-09,2016-09-13
2016-09-14,2016,3,9,September,37,4,Wednesday,258,2016-09,2016-09-14
2016-09-15,2016,3,9,September,37,5,Thursday,259,2016-09,2016-09-15
2016-09-16,2016,3,9,September,37,6,Friday,260,2016-09,2016-09-16
2016-09-17,2016,3,9,September,37,7,Saturday,261,2016-09,2016-09-17
2016-09-18,2016,3,9,September,38,1,Sunday,262,2016-09,2016-09-18
2016-09-19,2016,3,9,September,38,2,Monday,263,2016-09,2016-09-19
2016-09-20,2016,3,9,September,38,3,Tuesday,264,2016-09,2016-09-20
2016-09-21,2016,3,9,September,38,4,Wednesday,265,2016-09,2016-09-21
2016-09-22,2016,3,9,September,38,5,Thursday,266,2016-09,2016-09-22
2016-09-23,2016,3,9,September,38,6,Friday,267,2016-09,2016-09-23
2016-09-24,2016,3,9,September,38,7,Saturday,268,2016-09,2016-09-24
2016-09-25,2016,3,9,September,39,1,Sunday,269,2016-09,2016-09-25
2016-09-26,2016,3,9,September,39,2,Monday,270,2016-09,2016-09-26
2016-09-27,2016,3,9,September,39,3,Tuesday,271,2016-09,2016-09-27
2016-09-28,2016,3,9,September,39,4,Wednesday,272,2016-09,2016-09-28
2016-09-29,2016,3,9,September,39,5,Thursday,273,2016-09,2016-09-29
2016-09-30,2016,3,9,September,39,6,Friday,274,2016-09,2016-09-30
2016-10-01,2016,4,10,October,39,7,Saturday,275,2016-10,2016-10-01
2016-10-02,2016,4,10,October,40,1,Sunday,276,2016-10,2016-10-02
2016-10-03,2016,4,10,October,40,2,Monday,277,2016-10,2016-10-03
2016-10-04,2016,4,10,October,40,3,Tuesday,278,2016-10,2016-10-04
2016-10-05,2016,4,10,October,40,4,Wednesday,279,2016-10,2016-10-05
2016-10-06,2016,4,10,October,40,5,Thursday,280,2016-10,2016-10-06
2016-10-07,2016,4,10,October,40,6,Friday,281,2016-10,2016-10-07
2016-10-08,2016,4,10,October,40,7,Saturday,282,2016-10,2016-10-08
2016-10-09,2016,4,10,October,41,1,Sunday,283,2016-10,2016-10-09
2016-10-10,2016,4,10,October,41,2,Monday,284,2016-10,2016-10-10
2016-10-11,2016,4,10,October,41,3,Tuesday,285,2016-10,2016-10-11
2016-10-12,2016,4,10,October,41,4,Wednesday,286,2016-10,2016-10-12
2016-10-13,2016,4,10,October,41,5,Thursday,287,2016-10,2016-10-13
2016-10-14,2016,4,10,October,41,6,Friday,288,2016-10,2016-10-14
2016-10-15,2016,4,10,October,41,7,Saturday,289,2016-10,2016-10-15
2016-10-16,2016,4,10,October,42,1,Sunday,290,2016-10,2016-10-16
2016-10-17,2016,4,10,October,42,2,Monday,291,2016-10,2016-10-17
2016-10-18,2016,4,10,October,42,3,Tuesday,292,2016-10,2016-10-18
2016-10-19,2016,4,10,October,42,4,Wednesday,293,2016-10,2016-10-19
2016-10-20,2016,4,10,October,42,5,Thursday,294,2016-10,2016-10-20
2016-10-21,2016,4,10,October,42,6,Friday,295,2016-10,2016-10-21
2016-10-22,2016,4,10,October,42,7,Saturday,296,2016-10,2016-10-22
2016-10-23,2016,4,10,October,43,1,Sunday,297,2016-10,2016-10-23
2016-10-24,2016,4,10,October,43,2,Monday,298,2016-10,2016-10-24
2016-10-25,2016,4,10,October,43,3,Tuesday,299,2016-10,2016-10-25
2016-10-26,2016,4,10,October,43,4,Wednesday,300,2016-10,2016-10-26
2016-10-27,2016,4,10,October,43,5,Thursday,301,2016-10,2016-10-27
2016-10-28,2016,4,10,October,43,6,Friday,302,2016-10,2016-10-28
2016-10-29,2016,4,10,October,43,7,Saturday,303,2016-10,2016-10-29
2016-10-30,2016,4,10,October,44,1,Sunday,304,2016-10,2016-10-30
2016-10-31,2016,4,10,October,44,2,Monday,305,2016-10,2016-10-31
2016-11-01,2016,4,11,November,44,3,Tuesday,306,2016-11,2016-11-01
2016-11-02,2016,4,11,November,44,4,Wednesday,307,2016-11,2016-11-02
2016-11-03,2016,4,11,November,44,5,Thursday,308,2016-11,2016-11-03
2016-11-04,2016,4,11,November,44,6,Friday,309,2016-11,2016-11-04
2016-11-05,2016,4,11,November,44,7,Saturday,310,2016-11,2016-11-05
2016-11-06,2016,4,11,November,45,1,Sunday,311,2016-11,2016-11-06
2016-11-07,2016,4,11,November,45,2,Monday,312,2016-11,2016-11-07
2016-11-08,2016,4,11,November,45,3,Tuesday,313,2016-11,2016-11-08
2016-11-09,2016,4,11,November,45,4,Wednesday,314,2016-11,2016-11-09
2016-11-10,2016,4,11,November,45,5,Thursday,315,2016-11,2016-11-10
2016-11-11,2016,4,11,November,45,6,Friday,316,2016-11,2016-11-11
2016-11-12,2016,4,11,November,45,7,Saturday,317,2016-11,2016-11-12
2016-11-13,2016,4,11,November,46,1,Sunday,318,2016-11,2016-11-13
2016-11-14,2016,4,11,November,46,2,Monday,319,2016-11,2016-11-14
2016-11-15,2016,4,11,November,46,3,Tuesday,320,2016-11,2016-11-15
2016-11-16,2016,4,11,November,46,4,Wednesday,321,2016-11,2016-11-16
2016-11-17,2016,4,11,November,46,5,Thursday,322,2016-11,2016-11-17
2016-11-18,2016,4,11,November,46,6,Friday,323,2016-11,2016-11-18
2016-11-19,2016,4,11,November,46,7,Saturday,324,2016-11,2016-11-19
2016-11-20,2016,4,11,November,47,1,Sunday,325,2016-11,2016-11-20
2016-11-21,2016,4,11,November,47,2,Monday,326,2016-11,2016-11-21
2016-11-22,2016,4,11,November,47,3,Tuesday,327,2016-11,2016-11-22
2016-11-23,2016,4,11,November,47,4,Wednesday,328,2016-11,2016-11-23
2016-11-24,2016,4,11,November,47,5,Thursday,329,2016-11,2016-11-24
2016-11-25,2016,4,11,November,47,6,Friday,330,2016-11,2016-11-25
2016-11-26,2016,4,11,November,47,7,Saturday,331,2016-11,2016-11-26
2016-11-27,2016,4,11,November,48,1,Sunday,332,2016-11,2016-11-27
2016-11-28,2016,4,11,November,48,2,Monday,333,2016-11,2016-11-28
2016-11-29,2016,4,11,November,48,3,Tuesday,334,2016-11,2016-11-29
2016-11-30,2016,4,11,November,48,4,Wednesday,335,2016-11,2016-11-30
2016-12-01,2016,4,12,December,48,5,Thursday,336,2016-12,2016-12-01
2016-12-02,2016,4,12,December,48,6,Friday,337,2016-12,2016-12-02
2016-12-03,2016,4,12,December,48,7,Saturday,338,2016-12,2016-12-03
2016-12-04,2016,4,12,December,49,1,Sunday,339,2016-12,2016-12-04
2016-12-05,2016,4,12,December,49,2,Monday,340,2016-12,2016-12-05
2016-12-06,2016,4,12,December,49,3,Tuesday,341,2016-12,2016-12-06
2016-12-07,2016,4,12,December,49,4,Wednesday,342,2016-12,2016-12-07
2016-12-08,2016,4,12,December,49,5,Thursday,343,2016-12,2016-12-08
2016-12-09,2016,4,12,December,49,6,Friday,344,2016-12,2016-12-09
2016-12-10,2016,4,12,December,49,7,Saturday,345,2016-12,2016-12-10
2016-12-11,2016,4,12,December,50,1,Sunday,346,2016-12,2016-12-11
2016-12-12,2016,4,12,December,50,2,Monday,347,2016-12,2016-12-12
2016-12-13,2016,4,12,December,50,3,Tuesday,348,2016-12,2016-12-13
2016-12-14,2016,4,12,December,50,4,Wednesday,349,2016-12,2016-12-14
2016-12-15,2016,4,12,December,50,5,Thursday,350,2016-12,2016-12-15
2016-12-16,2016,4,12,December,50,6,Friday,351,2016-12,2016-12-16
2016-12-17,2016,4,12,December,50,7,Saturday,352,2016-12,2016-12-17
2016-12-18,2016,4,12,December,51,1,Sunday,353,2016-12,2016-12-18
2016-12-19,2016,4,12,December,51,2,Monday,354,2016-12,2016-12-19
2016-12-20,2016,4,12,December,51,3,Tuesday,355,2016-12,2016-12-20
2016-12-21,2016,4,12,December,51,4,Wednesday,356,2016-12,2016-12-21
2016-12-22,2016,4,12,December,51,5,Thursday,357,2016-12,2016-12-22
2016-12-23,2016,4,12,December,51,6,Friday,358,2016-12,2016-12-23
2016-12-24,2016,4,12,December,51,7,Saturday,359,2016-12,2016-12-24
2016-12-25,2016,4,12,December,52,1,Sunday,360,2016-12,2016-12-25
2016-12-26,2016,4,12,December,52,2,Monday,361,2016-12,2016-12-26
2016-12-27,2016,4,12,December,52,3,Tuesday,362,2016-12,2016-12-27
2016-12-28,2016,4,12,December,52,4,Wednesday,363,2016-12,2016-12-28
2016-12-29,2016,4,12,December,52,5,Thursday,364,2016-12,2016-12-29
2016-12-30,2016,4,12,December,52,6,Friday,365,2016-12,2016-12-30
2016-12-31,2016,4,12,December,52,7,Saturday,366,2016-12,2016-12-31
2017-01-01,2017,1,1,January,1,1,Sunday,1,2017-01,2017-01-01
2017-01-02,2017,1,1,January,1,2,Monday,2,2017-01,2017-01-02
2017-01-03,2017,1,1,January,1,3,Tuesday,3,2017-01,2017-01-03
2017-01-04,2017,1,1,January,1,4,Wednesday,4,2017-01,2017-01-04
2017-01-05,2017,1,1,January,1,5,Thursday,5,2017-01,2017-01-05
2017-01-06,2017,1,1,January,1,6,Friday,6,2017-01,2017-01-06
2017-01-07,2017,1,1,January,1,7,Saturday,7,2017-01,2017-01-07
2017-01-08,2017,1,1,January,2,1,Sunday,8,2017-01,2017-01-08
2017-01-09,2017,1,1,January,2,2,Monday,9,2017-01,2017-01-09
2017-01-10,2017,1,1,January,2,3,Tuesday,10,2017-01,2017-01-10
2017-01-11,2017,1,1,January,2,4,Wednesday,11,2017-01,2017-01-11
2017-01-12,2017,1,1,January,2,5,Thursday,12,2017-01,2017-01-12
2017-01-13,2017,1,1,January,2,6,Friday,13,2017-01,2017-01-13
2017-01-14,2017,1,1,January,2,7,Saturday,14,2017-01,2017-01-14
2017-01-15,2017,1,1,January,3,1,Sunday,15,2017-01,2017-01-15
2017-01-16,2017,1,1,January,3,2,Monday,16,2017-01,2017-01-16
2017-01-17,2017,1,1,January,3,3,Tuesday,17,2017-01,2017-01-17
2017-01-18,2017,1,1,January,3,4,Wednesday,18,2017-01,2017-01-18
2017-01-19,2017,1,1,January,3,5,Thursday,19,2017-01,2017-01-19
2017-01-20,2017,1,1,January,3,6,Friday,20,2017-01,2017-01-20
2017-01-21,2017,1,1,January,3,7,Saturday,21,2017-01,2017-01-21
2017-01-22,2017,1,1,January,4,1,Sunday,22,2017-01,2017-01-22
2017-01-23,2017,1,1,January,4,2,Monday,23,2017-01,2017-01-23
2017-01-24,2017,1,1,January,4,3,Tuesday,24,2017-01,2017-01-24
2017-01-25,2017,1,1,January,4,4,Wednesday,25,2017-01,2017-01-25
2017-01-26,2017,1,1,January,4,5,Thursday,26,2017-01,2017-01-26
2017-01-27,2017,1,1,January,4,6,Friday,27,2017-01,2017-01-27
2017-01-28,2017,1,1,January,4,7,Saturday,28,2017-01,2017-01-28
2017-01-29,2017,1,1,January,5,1,Sunday,29,2017-01,2017-01-29
2017-01-30,2017,1,1,January,5,2,Monday,30,2017-01,2017-01-30
2017-01-31,2017,1,1,January,5,3,Tuesday,31,2017-01,2017-01-31
2017-02-01,2017,1,2,February,5,4,Wednesday,32,2017-02,2017-02-01
2017-02-02,2017,1,2,February,5,5,Thursday,33,2017-02,2017-02-02
2017-02-03,2017,1,2,February,5,6,Friday,34,2017-02,2017-02-03
2017-02-04,2017,1,2,February,5,7,Saturday,35,2017-02,2017-02-04
2017-02-05,2017,1,2,February,6,1,Sunday,36,2017-02,2017-02-05
2017-02-06,2017,1,2,February,6,2,Monday,37,2017-02,2017-02-06
2017-02-07,2017,1,2,February,6,3,Tuesday,38,2017-02,2017-02-07
2017-02-08,2017,1,2,February,6,4,Wednesday,39,2017-02,2017-02-08
2017-02-09,2017,1,2,February,6,5,Thursday,40,2017-02,2017-02-09
2017-02-10,2017,1,2,February,6,6,Friday,41,2017-02,2017-02-10
2017-02-11,2017,1,2,February,6,7,Saturday,42,2017-02,2017-02-11
2017-02-12,2017,1,2,February,7,1,Sunday,43,2017-02,2017-02-12
2017-02-13,2017,1,2,February,7,2,Monday,44,2017-02,2017-02-13
2017-02-14,2017,1,2,February,7,3,Tuesday,45,2017-02,2017-02-14
2017-02-15,2017,1,2,February,7,4,Wednesday,46,2017-02,2017-02-15
2017-02-16,2017,1,2,February,7,5,Thursday,47,2017-02,2017-02-16
2017-02-17,2017,1,2,February,7,6,Friday,48,2017-02,2017-02-17
2017-02-18,2017,1,2,February,7,7,Saturday,49,2017-02,2017-02-18
2017-02-19,2017,1,2,February,8,1,Sunday,50,2017-02,2017-02-19
2017-02-20,2017,1,2,February,8,2,Monday,51,2017-02,2017-02-20
2017-02-21,2017,1,2,February,8,3,Tuesday,52,2017-02,2017-02-21
2017-02-22,2017,1,2,February,8,4,Wednesday,53,2017-02,2017-02-22
2017-02-23,2017,1,2,February,8,5,Thursday,54,2017-02,2017-02-23
2017-02-24,2017,1,2,February,8,6,Friday,55,2017-02,2017-02-24
2017-02-25,2017,1,2,February,8,7,Saturday,56,2017-02,2017-02-25
2017-02-26,2017,1,2,February,9,1,Sunday,57,2017-02,2017-02-26
2017-02-27,2017,1,2,February,9,2,Monday,58,2017-02,2017-02-27
2017-02-28,2017,1,2,February,9,3,Tuesday,59,2017-02,2017-02-28
2017-03-01,2017,1,3,March,9,4,Wednesday,60,2017-03,2017-03-01
2017-03-02,2017,1,3,March,9,5,Thursday,61,2017-03,2017-03-02
2017-03-03,2017,1,3,March,9,6,Friday,62,2017-03,2017-03-03
2017-03-04,2017,1,3,March,9,7,Saturday,63,2017-03,2017-03-04
2017-03-05,2017,1,3,March,10,1,Sunday,64,2017-03,2017-03-05
2017-03-06,2017,1,3,March,10,2,Monday,65,2017-03,2017-03-06
2017-03-07,2017,1,3,March,10,3,Tuesday,66,2017-03,2017-03-07
2017-03-08,2017,1,3,March,10,4,Wednesday,67,2017-03,2017-03-08
2017-03-09,2017,1,3,March,10,5,Thursday,68,2017-03,2017-03-09
2017-03-10,2017,1,3,March,10,6,Friday,69,2017-03,2017-03-10
2017-03-11,2017,1,3,March,10,7,Saturday,70,2017-03,2017-03-11
2017-03-12,2017,1,3,March,11,1,Sunday,71,2017-03,2017-03-12
2017-03-13,2017,1,3,March,11,2,Monday,72,2017-03,2017-03-13
2017-03-14,2017,1,3,March,11,3,Tuesday,73,2017-03,2017-03-14
2017-03-15,2017,1,3,March,11,4,Wednesday,74,2017-03,2017-03-15
2017-03-16,2017,1,3,March,11,5,Thursday,75,2017-03,2017-03-16
2017-03-17,2017,1,3,March,11,6,Friday,76,2017-03,2017-03-17
2017-03-18,2017,1,3,March,11,7,Saturday,77,2017-03,2017-03-18
2017-03-19,2017,1,3,March,12,1,Sunday,78,2017-03,2017-03-19
2017-03-20,2017,1,3,March,12,2,Monday,79,2017-03,2017-03-20
2017-03-21,2017,1,3,March,12,3,Tuesday,80,2017-03,2017-03-21
2017-03-22,2017,1,3,March,12,4,Wednesday,81,2017-03,2017-03-22
2017-03-23,2017,1,3,March,12,5,Thursday,82,2017-03,2017-03-23
2017-03-24,2017,1,3,March,12,6,Friday,83,2017-03,2017-03-24
2017-03-25,2017,1,3,March,12,7,Saturday,84,2017-03,2017-03-25
2017-03-26,2017,1,3,March,13,1,Sunday,85,2017-03,2017-03-26
2017-03-27,2017,1,3,March,13,2,Monday,86,2017-03,2017-03-27
2017-03-28,2017,1,3,March,13,3,Tuesday,87,2017-03,2017-03-28
2017-03-29,2017,1,3,March,13,4,Wednesday,88,2017-03,2017-03-29
2017-03-30,2017,1,3,March,13,5,Thursday,89,2017-03,2017-03-30
2017-03-31,2017,1,3,March,13,6,Friday,90,2017-03,2017-03-31
2017-04-01,2017,2,4,April,13,7,Saturday,91,2017-04,2017-04-01
2017-04-02,2017,2,4,April,14,1,Sunday,92,2017-04,2017-04-02
2017-04-03,2017,2,4,April,14,2,Monday,93,2017-04,2017-04-03
2017-04-04,2017,2,4,April,14,3,Tuesday,94,2017-04,2017-04-04
2017-04-05,2017,2,4,April,14,4,Wednesday,95,2017-04,2017-04-05
2017-04-06,2017,2,4,April,14,5,Thursday,96,2017-04,2017-04-06
2017-04-07,2017,2,4,April,14,6,Friday,97,2017-04,2017-04-07
2017-04-08,2017,2,4,April,14,7,Saturday,98,2017-04,2017-04-08
2017-04-09,2017,2,4,April,15,1,Sunday,99,2017-04,2017-04-09
2017-04-10,2017,2,4,April,15,2,Monday,100,2017-04,2017-04-10
2017-04-11,2017,2,4,April,15,3,Tuesday,101,2017-04,2017-04-11
2017-04-12,2017,2,4,April,15,4,Wednesday,102,2017-04,2017-04-12
2017-04-13,2017,2,4,April,15,5,Thursday,103,2017-04,2017-04-13
2017-04-14,2017,2,4,April,15,6,Friday,104,2017-04,2017-04-14
2017-04-15,2017,2,4,April,15,7,Saturday,105,2017-04,2017-04-15
2017-04-16,2017,2,4,April,16,1,Sunday,106,2017-04,2017-04-16
2017-04-17,2017,2,4,April,16,2,Monday,107,2017-04,2017-04-17
2017-04-18,2017,2,4,April,16,3,Tuesday,108,2017-04,2017-04-18
2017-04-19,2017,2,4,April,16,4,Wednesday,109,2017-04,2017-04-19
2017-04-20,2017,2,4,April,16,5,Thursday,110,2017-04,2017-04-20
2017-04-21,2017,2,4,April,16,6,Friday,111,2017-04,2017-04-21
2017-04-22,2017,2,4,April,16,7,Saturday,112,2017-04,2017-04-22
2017-04-23,2017,2,4,April,17,1,Sunday,113,2017-04,2017-04-23
2017-04-24,2017,2,4,April,17,2,Monday,114,2017-04,2017-04-24
2017-04-25,2017,2,4,April,17,3,Tuesday,115,2017-04,2017-04-25
2017-04-26,2017,2,4,April,17,4,Wednesday,116,2017-04,2017-04-26
2017-04-27,2017,2,4,April,17,5,Thursday,117,2017-04,2017-04-27
2017-04-28,2017,2,4,April,17,6,Friday,118,2017-04,2017-04-28
2017-04-29,2017,2,4,April,17,7,Saturday,119,2017-04,2017-04-29
2017-04-30,2017,2,4,April,18,1,Sunday,120,2017-04,2017-04-30
2017-05-01,2017,2,5,May,18,2,Monday,121,2017-05,2017-05-01
2017-05-02,2017,2,5,May,18,3,Tuesday,122,2017-05,2017-05-02
2017-05-03,2017,2,5,May,18,4,Wednesday,123,2017-05,2017-05-03
2017-05-04,2017,2,5,May,18,5,Thursday,124,2017-05,2017-05-04
2017-05-05,2017,2,5,May,18,6,Friday,125,2017-05,2017-05-05
2017-05-06,2017,2,5,May,18,7,Saturday,126,2017-05,2017-05-06
2017-05-07,2017,2,5,May,19,1,Sunday,127,2017-05,2017-05-07
2017-05-08,2017,2,5,May,19,2,Monday,128,2017-05,2017-05-08
2017-05-09,2017,2,5,May,19,3,Tuesday,129,2017-05,2017-05-09
2017-05-10,2017,2,5,May,19,4,Wednesday,130,2017-05,2017-05-10
2017-05-11,2017,2,5,May,19,5,Thursday,131,2017-05,2017-05-11
2017-05-12,2017,2,5,May,19,6,Friday,132,2017-05,2017-05-12
2017-05-13,2017,2,5,May,19,7,Saturday,133,2017-05,2017-05-13
2017-05-14,2017,2,5,May,20,1,Sunday,134,2017-05,2017-05-14
2017-05-15,2017,2,5,May,20,2,Monday,135,2017-05,2017-05-15
2017-05-16,2017,2,5,May,20,3,Tuesday,136,2017-05,2017-05-16
2017-05-17,2017,2,5,May,20,4,Wednesday,137,2017-05,2017-05-17
2017-05-18,2017,2,5,May,20,5,Thursday,138,2017-05,2017-05-18
2017-05-19,2017,2,5,May,20,6,Friday,139,2017-05,2017-05-19
2017-05-20,2017,2,5,May,20,7,Saturday,140,2017-05,2017-05-20
2017-05-21,2017,2,5,May,21,1,Sunday,141,2017-05,2017-05-21
2017-05-22,2017,2,5,May,21,2,Monday,142,2017-05,2017-05-22
2017-05-23,2017,2,5,May,21,3,Tuesday,143,2017-05,2017-05-23
2017-05-24,2017,2,5,May,21,4,Wednesday,144,2017-05,2017-05-24
2017-05-25,2017,2,5,May,21,5,Thursday,145,2017-05,2017-05-25
2017-05-26,2017,2,5,May,21,6,Friday,146,2017-05,2017-05-26
2017-05-27,2017,2,5,May,21,7,Saturday,147,2017-05,2017-05-27
2017-05-28,2017,2,5,May,22,1,Sunday,148,2017-05,2017-05-28
2017-05-29,2017,2,5,May,22,2,Monday,149,2017-05,2017-05-29
2017-05-30,2017,2,5,May,22,3,Tuesday,150,2017-05,2017-05-30
2017-05-31,2017,2,5,May,22,4,Wednesday,151,2017-05,2017-05-31
2017-06-01,2017,2,6,June,22,5,Thursday,152,2017-06,2017-06-01
2017-06-02,2017,2,6,June,22,6,Friday,153,2017-06,2017-06-02
2017-06-03,2017,2,6,June,22,7,Saturday,154,2017-06,2017-06-03
2017-06-04,2017,2,6,June,23,1,Sunday,155,2017-06,2017-06-04
2017-06-05,2017,2,6,June,23,2,Monday,156,2017-06,2017-06-05
2017-06-06,2017,2,6,June,23,3,Tuesday,157,2017-06,2017-06-06
2017-06-07,2017,2,6,June,23,4,Wednesday,158,2017-06,2017-06-07
2017-06-08,2017,2,6,June,23,5,Thursday,159,2017-06,2017-06-08
2017-06-09,2017,2,6,June,23,6,Friday,160,2017-06,2017-06-09
2017-06-10,2017,2,6,June,23,7,Saturday,161,2017-06,2017-06-10
2017-06-11,2017,2,6,June,24,1,Sunday,162,2017-06,2017-06-11
2017-06-12,2017,2,6,June,24,2,Monday,163,2017-06,2017-06-12
2017-06-13,2017,2,6,June,24,3,Tuesday,164,2017-06,2017-06-13
2017-06-14,2017,2,6,June,24,4,Wednesday,165,2017-06,2017-06-14
2017-06-15,2017,2,6,June,24,5,Thursday,166,2017-06,2017-06-15
2017-06-16,2017,2,6,June,24,6,Friday,167,2017-06,2017-06-16
2017-06-17,2017,2,6,June,24,7,Saturday,168,2017-06,2017-06-17
2017-06-18,2017,2,6,June,25,1,Sunday,169,2017-06,2017-06-18
2017-06-19,2017,2,6,June,25,2,Monday,170,2017-06,2017-06-19
2017-06-20,2017,2,6,June,25,3,Tuesday,171,2017-06,2017-06-20
2017-06-21,2017,2,6,June,25,4,Wednesday,172,2017-06,2017-06-21
2017-06-22,2017,2,6,June,25,5,Thursday,173,2017-06,2017-06-22
2017-06-23,2017,2,6,June,25,6,Friday,174,2017-06,2017-06-23
2017-06-24,2017,2,6,June,25,7,Saturday,175,2017-06,2017-06-24
2017-06-25,2017,2,6,June,26,1,Sunday,176,2017-06,2017-06-25
2017-06-26,2017,2,6,June,26,2,Monday,177,2017-06,2017-06-26
2017-06-27,2017,2,6,June,26,3,Tuesday,178,2017-06,2017-06-27
2017-06-28,2017,2,6,June,26,4,Wednesday,179,2017-06,2017-06-28
2017-06-29,2017,2,6,June,26,5,Thursday,180,2017-06,2017-06-29
2017-06-30,2017,2,6,June,26,6,Friday,181,2017-06,2017-06-30
2017-07-01,2017,3,7,July,26,7,Saturday,182,2017-07,2017-07-01
2017-07-02,2017,3,7,July,27,1,Sunday,183,2017-07,2017-07-02
2017-07-03,2017,3,7,July,27,2,Monday,184,2017-07,2017-07-03
2017-07-04,2017,3,7,July,27,3,Tuesday,185,2017-07,2017-07-04
2017-07-05,2017,3,7,July,27,4,Wednesday,186,2017-07,2017-07-05
2017-07-06,2017,3,7,July,27,5,Thursday,187,2017-07,2017-07-06
2017-07-07,2017,3,7,July,27,6,Friday,188,2017-07,2017-07-07
2017-07-08,2017,3,7,July,27,7,Saturday,189,2017-07,2017-07-08
2017-07-09,2017,3,7,July,28,1,Sunday,190,2017-07,2017-07-09
2017-07-10,2017,3,7,July,28,2,Monday,191,2017-07,2017-07-10
2017-07-11,2017,3,7,July,28,3,Tuesday,192,2017-07,2017-07-11
2017-07-12,2017,3,7,July,28,4,Wednesday,193,2017-07,2017-07-12
2017-07-13,2017,3,7,July,28,5,Thursday,194,2017-07,2017-07-13
2017-07-14,2017,3,7,July,28,6,Friday,195,2017-07,2017-07-14
2017-07-15,2017,3,7,July,28,7,Saturday,196,2017-07,2017-07-15
2017-07-16,2017,3,7,July,29,1,Sunday,197,2017-07,2017-07-16
2017-07-17,2017,3,7,July,29,2,Monday,198,2017-07,2017-07-17
2017-07-18,2017,3,7,July,29,3,Tuesday,199,2017-07,2017-07-18
2017-07-19,2017,3,7,July,29,4,Wednesday,200,2017-07,2017-07-19
2017-07-20,2017,3,7,July,29,5,Thursday,201,2017-07,2017-07-20
2017-07-21,2017,3,7,July,29,6,Friday,202,2017-07,2017-07-21
2017-07-22,2017,3,7,July,29,7,Saturday,203,2017-07,2017-07-22
2017-07-23,2017,3,7,July,30,1,Sunday,204,2017-07,2017-07-23
2017-07-24,2017,3,7,July,30,2,Monday,205,2017-07,2017-07-24
2017-07-25,2017,3,7,July,30,3,Tuesday,206,2017-07,2017-07-25
2017-07-26,2017,3,7,July,30,4,Wednesday,207,2017-07,2017-07-26
2017-07-27,2017,3,7,July,30,5,Thursday,208,2017-07,2017-07-27
2017-07-28,2017,3,7,July,30,6,Friday,209,2017-07,2017-07-28
2017-07-29,2017,3,7,July,30,7,Saturday,210,2017-07,2017-07-29
2017-07-30,2017,3,7,July,31,1,Sunday,211,2017-07,2017-07-30
2017-07-31,2017,3,7,July,31,2,Monday,212,2017-07,2017-07-31
2017-08-01,2017,3,8,August,31,3,Tuesday,213,2017-08,2017-08-01
2017-08-02,2017,3,8,August,31,4,Wednesday,214,2017-08,2017-08-02
2017-08-03,2017,3,8,August,31,5,Thursday,215,2017-08,2017-08-03
2017-08-04,2017,3,8,August,31,6,Friday,216,2017-08,2017-08-04
2017-08-05,2017,3,8,August,31,7,Saturday,217,2017-08,2017-08-05
2017-08-06,2017,3,8,August,32,1,Sunday,218,2017-08,2017-08-06
2017-08-07,2017,3,8,August,32,2,Monday,219,2017-08,2017-08-07
2017-08-08,2017,3,8,August,32,3,Tuesday,220,2017-08,2017-08-08
2017-08-09,2017,3,8,August,32,4,Wednesday,221,2017-08,2017-08-09
2017-08-10,2017,3,8,August,32,5,Thursday,222,2017-08,2017-08-10
2017-08-11,2017,3,8,August,32,6,Friday,223,2017-08,2017-08-11
2017-08-12,2017,3,8,August,32,7,Saturday,224,2017-08,2017-08-12
2017-08-13,2017,3,8,August,33,1,Sunday,225,2017-08,2017-08-13
2017-08-14,2017,3,8,August,33,2,Monday,226,2017-08,2017-08-14
2017-08-15,2017,3,8,August,33,3,Tuesday,227,2017-08,2017-08-15
2017-08-16,2017,3,8,August,33,4,Wednesday,228,2017-08,2017-08-16
2017-08-17,2017,3,8,August,33,5,Thursday,229,2017-08,2017-08-17
2017-08-18,2017,3,8,August,33,6,Friday,230,2017-08,2017-08-18
2017-08-19,2017,3,8,August,33,7,Saturday,231,2017-08,2017-08-19
2017-08-20,2017,3,8,August,34,1,Sunday,232,2017-08,2017-08-20
2017-08-21,2017,3,8,August,34,2,Monday,233,2017-08,2017-08-21
2017-08-22,2017,3,8,August,34,3,Tuesday,234,2017-08,2017-08-22
2017-08-23,2017,3,8,August,34,4,Wednesday,235,2017-08,2017-08-23
2017-08-24,2017,3,8,August,34,5,Thursday,236,2017-08,2017-08-24
2017-08-25,2017,3,8,August,34,6,Friday,237,2017-08,2017-08-25
2017-08-26,2017,3,8,August,34,7,Saturday,238,2017-08,2017-08-26
2017-08-27,2017,3,8,August,35,1,Sunday,239,2017-08,2017-08-27
2017-08-28,2017,3,8,August,35,2,Monday,240,2017-08,2017-08-28
2017-08-29,2017,3,8,August,35,3,Tuesday,241,2017-08,2017-08-29
2017-08-30,2017,3,8,August,35,4,Wednesday,242,2017-08,2017-08-30
2017-08-31,2017,3,8,August,35,5,Thursday,243,2017-08,2017-08-31
2017-09-01,2017,3,9,September,35,6,Friday,244,2017-09,2017-09-01
2017-09-02,2017,3,9,September,35,7,Saturday,245,2017-09,2017-09-02
2017-09-03,2017,3,9,September,36,1,Sunday,246,2017-09,2017-09-03
2017-09-04,2017,3,9,September,36,2,Monday,247,2017-09,2017-09-04
2017-09-05,2017,3,9,September,36,3,Tuesday,248,2017-09,2017-09-05
2017-09-06,2017,3,9,September,36,4,Wednesday,249,2017-09,2017-09-06
2017-09-07,2017,3,9,September,36,5,Thursday,250,2017-09,2017-09-07
2017-09-08,2017,3,9,September,36,6,Friday,251,2017-09,2017-09-08
2017-09-09,2017,3,9,September,36,7,Saturday,252,2017-09,2017-09-09
2017-09-10,2017,3,9,September,37,1,Sunday,253,2017-09,2017-09-10
2017-09-11,2017,3,9,September,37,2,Monday,254,2017-09,2017-09-11
2017-09-12,2017,3,9,September,37,3,Tuesday,255,2017-09,2017-09-12
2017-09-13,2017,3,9,September,37,4,Wednesday,256,2017-09,2017-09-13
2017-09-14,2017,3,9,September,37,5,Thursday,257,2017-09,2017-09-14
2017-09-15,2017,3,9,September,37,6,Friday,258,2017-09,2017-09-15
2017-09-16,2017,3,9,September,37,7,Saturday,259,2017-09,2017-09-16
2017-09-17,2017,3,9,September,38,1,Sunday,260,2017-09,2017-09-17
2017-09-18,2017,3,9,September,38,2,Monday,261,2017-09,2017-09-18
2017-09-19,2017,3,9,September,38,3,Tuesday,262,2017-09,2017-09-19
2017-09-20,2017,3,9,September,38,4,Wednesday,263,2017-09,2017-09-20
2017-09-21,2017,3,9,September,38,5,Thursday,264,2017-09,2017-09-21
2017-09-22,2017,3,9,September,38,6,Friday,265,2017-09,2017-09-22
2017-09-23,2017,3,9,September,38,7,Saturday,266,2017-09,2017-09-23
2017-09-24,2017,3,9,September,39,1,Sunday,267,2017-09,2017-09-24
2017-09-25,2017,3,9,September,39,2,Monday,268,2017-09,2017-09-25
2017-09-26,2017,3,9,September,39,3,Tuesday,269,2017-09,2017-09-26
2017-09-27,2017,3,9,September,39,4,Wednesday,270,2017-09,2017-09-27
2017-09-28,2017,3,9,September,39,5,Thursday,271,2017-09,2017-09-28
2017-09-29,2017,3,9,September,39,6,Friday,272,2017-09,2017-09-29
2017-09-30,2017,3,9,September,39,7,Saturday,273,2017-09,2017-09-30
2017-10-01,2017,4,10,October,40,1,Sunday,274,2017-10,2017-10-01
2017-10-02,2017,4,10,October,40,2,Monday,275,2017-10,2017-10-02
2017-10-03,2017,4,10,October,40,3,Tuesday,276,2017-10,2017-10-03
2017-10-04,2017,4,10,October,40,4,Wednesday,277,2017-10,2017-10-04
2017-10-05,2017,4,10,October,40,5,Thursday,278,2017-10,2017-10-05
2017-10-06,2017,4,10,October,40,6,Friday,279,2017-10,2017-10-06
2017-10-07,2017,4,10,October,40,7,Saturday,280,2017-10,2017-10-07
2017-10-08,2017,4,10,October,41,1,Sunday,281,2017-10,2017-10-08
2017-10-09,2017,4,10,October,41,2,Monday,282,2017-10,2017-10-09
2017-10-10,2017,4,10,October,41,3,Tuesday,283,2017-10,2017-10-10
2017-10-11,2017,4,10,October,41,4,Wednesday,284,2017-10,2017-10-11
2017-10-12,2017,4,10,October,41,5,Thursday,285,2017-10,2017-10-12
2017-10-13,2017,4,10,October,41,6,Friday,286,2017-10,2017-10-13
2017-10-14,2017,4,10,October,41,7,Saturday,287,2017-10,2017-10-14
2017-10-15,2017,4,10,October,42,1,Sunday,288,2017-10,2017-10-15
2017-10-16,2017,4,10,October,42,2,Monday,289,2017-10,2017-10-16
2017-10-17,2017,4,10,October,42,3,Tuesday,290,2017-10,2017-10-17
2017-10-18,2017,4,10,October,42,4,Wednesday,291,2017-10,2017-10-18
2017-10-19,2017,4,10,October,42,5,Thursday,292,2017-10,2017-10-19
2017-10-20,2017,4,10,October,42,6,Friday,293,2017-10,2017-10-20
2017-10-21,2017,4,10,October,42,7,Saturday,294,2017-10,2017-10-21
2017-10-22,2017,4,10,October,43,1,Sunday,295,2017-10,2017-10-22
2017-10-23,2017,4,10,October,43,2,Monday,296,2017-10,2017-10-23
2017-10-24,2017,4,10,October,43,3,Tuesday,297,2017-10,2017-10-24
2017-10-25,2017,4,10,October,43,4,Wednesday,298,2017-10,2017-10-25
2017-10-26,2017,4,10,October,43,5,Thursday,299,2017-10,2017-10-26
2017-10-27,2017,4,10,October,43,6,Friday,300,2017-10,2017-10-27
2017-10-28,2017,4,10,October,43,7,Saturday,301,2017-10,2017-10-28
2017-10-29,2017,4,10,October,44,1,Sunday,302,2017-10,2017-10-29
2017-10-30,2017,4,10,October,44,2,Monday,303,2017-10,2017-10-30
2017-10-31,2017,4,10,October,44,3,Tuesday,304,2017-10,2017-10-31
2017-11-01,2017,4,11,November,44,4,Wednesday,305,2017-11,2017-11-01
2017-11-02,2017,4,11,November,44,5,Thursday,306,2017-11,2017-11-02
2017-11-03,2017,4,11,November,44,6,Friday,307,2017-11,2017-11-03
2017-11-04,2017,4,11,November,44,7,Saturday,308,2017-11,2017-11-04
2017-11-05,2017,4,11,November,45,1,Sunday,309,2017-11,2017-11-05
2017-11-06,2017,4,11,November,45,2,Monday,310,2017-11,2017-11-06
2017-11-07,2017,4,11,November,45,3,Tuesday,311,2017-11,2017-11-07
2017-11-08,2017,4,11,November,45,4,Wednesday,312,2017-11,2017-11-08
2017-11-09,2017,4,11,November,45,5,Thursday,313,2017-11,2017-11-09
2017-11-10,2017,4,11,November,45,6,Friday,314,2017-11,2017-11-10
2017-11-11,2017,4,11,November,45,7,Saturday,315,2017-11,2017-11-11
2017-11-12,2017,4,11,November,46,1,Sunday,316,2017-11,2017-11-12
2017-11-13,2017,4,11,November,46,2,Monday,317,2017-11,2017-11-13
2017-11-14,2017,4,11,November,46,3,Tuesday,318,2017-11,2017-11-14
2017-11-15,2017,4,11,November,46,4,Wednesday,319,2017-11,2017-11-15
2017-11-16,2017,4,11,November,46,5,Thursday,320,2017-11,2017-11-16
2017-11-17,2017,4,11,November,46,6,Friday,321,2017-11,2017-11-17
2017-11-18,2017,4,11,November,46,7,Saturday,322,2017-11,2017-11-18
2017-11-19,2017,4,11,November,47,1,Sunday,323,2017-11,2017-11-19
2017-11-20,2017,4,11,November,47,2,Monday,324,2017-11,2017-11-20
2017-11-21,2017,4,11,November,47,3,Tuesday,325,2017-11,2017-11-21
2017-11-22,2017,4,11,November,47,4,Wednesday,326,2017-11,2017-11-22
2017-11-23,2017,4,11,November,47,5,Thursday,327,2017-11,2017-11-23
2017-11-24,2017,4,11,November,47,6,Friday,328,2017-11,2017-11-24
2017-11-25,2017,4,11,November,47,7,Saturday,329,2017-11,2017-11-25
2017-11-26,2017,4,11,November,48,1,Sunday,330,2017-11,2017-11-26
2017-11-27,2017,4,11,November,48,2,Monday,331,2017-11,2017-11-27
2017-11-28,2017,4,11,November,48,3,Tuesday,332,2017-11,2017-11-28
2017-11-29,2017,4,11,November,48,4,Wednesday,333,2017-11,2017-11-29
2017-11-30,2017,4,11,November,48,5,Thursday,334,2017-11,2017-11-30
2017-12-01,2017,4,12,December,48,6,Friday,335,2017-12,2017-12-01
2017-12-02,2017,4,12,December,48,7,Saturday,336,2017-12,2017-12-02
2017-12-03,2017,4,12,December,49,1,Sunday,337,2017-12,2017-12-03
2017-12-04,2017,4,12,December,49,2,Monday,338,2017-12,2017-12-04
2017-12-05,2017,4,12,December,49,3,Tuesday,339,2017-12,2017-12-05
2017-12-06,2017,4,12,December,49,4,Wednesday,340,2017-12,2017-12-06
2017-12-07,2017,4,12,December,49,5,Thursday,341,2017-12,2017-12-07
2017-12-08,2017,4,12,December,49,6,Friday,342,2017-12,2017-12-08
2017-12-09,2017,4,12,December,49,7,Saturday,343,2017-12,2017-12-09
2017-12-10,2017,4,12,December,50,1,Sunday,344,2017-12,2017-12-10
2017-12-11,2017,4,12,December,50,2,Monday,345,2017-12,2017-12-11
2017-12-12,2017,4,12,December,50,3,Tuesday,346,2017-12,2017-12-12
2017-12-13,2017,4,12,December,50,4,Wednesday,347,2017-12,2017-12-13
2017-12-14,2017,4,12,December,50,5,Thursday,348,2017-12,2017-12-14
2017-12-15,2017,4,12,December,50,6,Friday,349,2017-12,2017-12-15
2017-12-16,2017,4,12,December,50,7,Saturday,350,2017-12,2017-12-16
2017-12-17,2017,4,12,December,51,1,Sunday,351,2017-12,2017-12-17
2017-12-18,2017,4,12,December,51,2,Monday,352,2017-12,2017-12-18
2017-12-19,2017,4,12,December,51,3,Tuesday,353,2017-12,2017-12-19
2017-12-20,2017,4,12,December,51,4,Wednesday,354,2017-12,2017-12-20
2017-12-21,2017,4,12,December,51,5,Thursday,355,2017-12,2017-12-21
2017-12-22,2017,4,12,December,51,6,Friday,356,2017-12,2017-12-22
2017-12-23,2017,4,12,December,51,7,Saturday,357,2017-12,2017-12-23
2017-12-24,2017,4,12,December,52,1,Sunday,358,2017-12,2017-12-24
2017-12-25,2017,4,12,December,52,2,Monday,359,2017-12,2017-12-25
2017-12-26,2017,4,12,December,52,3,Tuesday,360,2017-12,2017-12-26
2017-12-27,2017,4,12,December,52,4,Wednesday,361,2017-12,2017-12-27
2017-12-28,2017,4,12,December,52,5,Thursday,362,2017-12,2017-12-28
2017-12-29,2017,4,12,December,52,6,Friday,363,2017-12,2017-12-29
2017-12-30,2017,4,12,December,52,7,Saturday,364,2017-12,2017-12-30
2017-12-31,2017,4,12,December,53,1,Sunday,365,2017-12,2017-12-31
2018-01-01,2018,1,1,January,0,2,Monday,1,2018-01,2018-01-01
2018-01-02,2018,1,1,January,0,3,Tuesday,2,2018-01,2018-01-02
2018-01-03,2018,1,1,January,0,4,Wednesday,3,2018-01,2018-01-03
2018-01-04,2018,1,1,January,0,5,Thursday,4,2018-01,2018-01-04
2018-01-05,2018,1,1,January,0,6,Friday,5,2018-01,2018-01-05
2018-01-06,2018,1,1,January,0,7,Saturday,6,2018-01,2018-01-06
2018-01-07,2018,1,1,January,1,1,Sunday,7,2018-01,2018-01-07
2018-01-08,2018,1,1,January,1,2,Monday,8,2018-01,2018-01-08
2018-01-09,2018,1,1,January,1,3,Tuesday,9,2018-01,2018-01-09
2018-01-10,2018,1,1,January,1,4,Wednesday,10,2018-01,2018-01-10
2018-01-11,2018,1,1,January,1,5,Thursday,11,2018-01,2018-01-11
2018-01-12,2018,1,1,January,1,6,Friday,12,2018-01,2018-01-12
2018-01-13,2018,1,1,January,1,7,Saturday,13,2018-01,2018-01-13
2018-01-14,2018,1,1,January,2,1,Sunday,14,2018-01,2018-01-14
2018-01-15,2018,1,1,January,2,2,Monday,15,2018-01,2018-01-15
2018-01-16,2018,1,1,January,2,3,Tuesday,16,2018-01,2018-01-16
2018-01-17,2018,1,1,January,2,4,Wednesday,17,2018-01,2018-01-17
2018-01-18,2018,1,1,January,2,5,Thursday,18,2018-01,2018-01-18
2018-01-19,2018,1,1,January,2,6,Friday,19,2018-01,2018-01-19
2018-01-20,2018,1,1,January,2,7,Saturday,20,2018-01,2018-01-20
2018-01-21,2018,1,1,January,3,1,Sunday,21,2018-01,2018-01-21
2018-01-22,2018,1,1,January,3,2,Monday,22,2018-01,2018-01-22
2018-01-23,2018,1,1,January,3,3,Tuesday,23,2018-01,2018-01-23
2018-01-24,2018,1,1,January,3,4,Wednesday,24,2018-01,2018-01-24
2018-01-25,2018,1,1,January,3,5,Thursday,25,2018-01,2018-01-25
2018-01-26,2018,1,1,January,3,6,Friday,26,2018-01,2018-01-26
2018-01-27,2018,1,1,January,3,7,Saturday,27,2018-01,2018-01-27
2018-01-28,2018,1,1,January,4,1,Sunday,28,2018-01,2018-01-28
2018-01-29,2018,1,1,January,4,2,Monday,29,2018-01,2018-01-29
2018-01-30,2018,1,1,January,4,3,Tuesday,30,2018-01,2018-01-30
2018-01-31,2018,1,1,January,4,4,Wednesday,31,2018-01,2018-01-31